instruction,output,source
Give me three examples of countries in Europe.,"Some examples of countries in Europe are Germany, France, and the United Kingdom.",alpaca
Describe the various methods of data storage.,"Data storage methods can be broken down into two main categories: physical storage and cloud storage. Physical storage methods include hard disk drives, solid-state drives, and optical storage such as CDs, DVDs, and Blu-ray discs. Cloud storage refers to storing data on remote servers accessed via the internet. This can include cloud-based services like Dropbox, Microsoft 365, and Google Drive, as well as the backing up of data to remote servers.",alpaca
Name two animals that can be found in the African savanna.,Lions and Zebras.,alpaca
What functions does a search engine offer?,"A search engine offers a variety of functions, such as providing a list of results for a given query, tracking a user's search history, filtering results based on criteria, and suggesting related queries. Additionally, search engines offer features such as site previews and image matching. Finally, many search engines offer tools to track and analyze website traffic.",alpaca
Generate a one line story that expresses a moral.,Sometimes the consequences of our choices reach far beyond what we expect.,alpaca
List 3 tips for saving energy at home.,"1. Turn off lights and electronics when not in use.
2. Install energy efficient appliances and lighting, such as LED bulbs.
3. Use natural sources of light, such as keeping your curtains or blinds open in the day.
4. Unplug small devices and appliances when not in use.
5. Invest in double-glazing for windows and doors to better insulate your home.",alpaca
Make an upvote/downvote system for a comment board,"The upvote/downvote system should allow users to upvote and downvote comments on a comment board. This can be implemented by adding a ""like"" and ""dislike"" button to each comment, allowing users to upvote or downvote it by clicking the respective buttons.",alpaca
Create a three step process for cleaning a whiteboard.,"Step 1: Wipe the whiteboard with a dry, clean cloth to remove any dirt, dust and eraser bits. 

Step 2: Spray a whiteboard cleaner onto a cloth and wipe the whiteboard in a circular motion. 

Step 3: Wipe the whiteboard again with a dry cloth to remove any residue.",alpaca
"Change the verb in the following sentence: ""The children walked to school.""",The children ran to school.,alpaca
"Create a poem about friendship using the following words: joy, love, mystery.","Friendship is a special joy,
Filled with love and mystery.
Our bond is deep, our friendship true,
And we can share eternity.
Our hearts will heal together,
Through sadness and bad weather.
The love we have is undying,
As a bond no one can defying.
A joy that'll never ever leave, 
No matter sorrow or bereavement.
Our hearts in friendship bound, 
Forever will be found.",alpaca
What is the optimal temperature for red wine?,The optimal temperature for red wine is between 54°F and 65°F.,alpaca
Describe the biggest challenge facing health care in the United States today.,"The biggest challenge facing health care in the United States today is the high cost of care and lack of access to adequate care for all individuals, regardless of their socioeconomic status. This can lead to health disparities, where those who can afford it have access to better care and coverage than those who cannot. This can lead to worsened health outcomes and an unequal distribution of care.",alpaca
Name 5 items listed on the UN Human Rights list.,"The five items listed on the UN Human Rights list are: the right to life, liberty and security of person; the right to freedom of thought, conscience and religion; the right to freedom of opinion and expression; the right to freedom of peaceful assembly and association; and the right to be free from discrimination and slavery.",alpaca
List the different forms of energy.,"1. Mechanical energy 
2. Electrical energy 
3. Chemical energy 
4. Thermal energy 
5. Nuclear energy 
6. Radiant energy 
7. Gravitational energy 
8. Sound energy 
9. Light energy 
10. Elastic energy 
11. Kinetic energy 
12. Potential energy",alpaca
Explain the fourth amendment in the United States Bill of Rights,"The Fourth Amendment in the United States Bill of Rights prohibits unreasonable searches and seizures and requires probable cause for searches and arrests. It also requires that a warrant from a judge be presented with particularity, stating who, what, when, and where the search should occur or be conducted.",alpaca
Create a story about a robot with odd behavior.,"Once upon a time, there was a robot who was created to help out its owner with chores around the house. This robot had a very odd behavior - it was always walking backward and running around in circles instead of doing its assigned tasks! Despite the owners' many attempts to reprogram the robot, nothing seemed to stop this odd behavior. Finally, they realized that the robot was malfunctioning and needed to be replaced. But the owners found that they were growing fond of their strange little robot and kept it around, much to the amusement of their friends and family.",alpaca
Explain the differences between centripetal and centrifugal forces,"Centripetal force is a force that acts on an object directed toward the center of a circle, while centrifugal force is a force that acts on an object directed away from the center of a circle. The centripetal force is responsible for keeping an object moving in a circular motion while the centrifugal force creates an outward pull that tries to break away from the circular path. In short, centripetal forces act to draw objects inward, while centrifugal forces act to push them away.",alpaca
You need to suggest four ways to save money for college.,"1. Look for scholarships
2. Start a savings plan
3. Apply for financial aid 
4. Work part-time",alpaca
Tell a story about a mischievous rabbit,"Once there was a mischievous little rabbit named Mr. Flopsy. He loved playing pranks and causing trouble in his backyard. One day, he decided to steal some carrots from Mrs. Pott's vegetable garden. Mr. Flopsy quickly hopped away with the carrots, but his scurrying caught the attention of Mrs. Pott's guard dog, Samson. Mr. Flopsy had to be extra crafty to outrun the mighty Samson and make it home unscathed. After much dodging and weaving, Mr. Flopsy returned to his humble burrow with the stolen carrots. Even though he was safe, he had an overwhelming feeling of guilt. He decided from that day on to never commit any mischief ever again.",alpaca
Construct a research study to compare the effects of meditation and exercise on anxiety levels.,"The objective of this research study is to compare the efficacy of meditation and exercise in reducing anxiety levels. Participants will be randomly assigned to either a meditation, exercise, or control group. The mediation group will be asked to practice meditation for 15 minutes per day for 3 weeks. The exercise group will be asked to engage in moderate-intensity physical activity for 30 minutes per day for 3 weeks. Anxiety levels will be measured with the Beck Anxiety Inventory (BAI) before and after the intervention. Data will be analyzed using statistical methods to compare anxiety scores across the three groups.",alpaca
"Write two sentences that describe the painting called ""The Birth of Venus"" by Sandro Botticelli.","Sandro Botticelli's painting ""The Birth of Venus"" portrays the goddess of love emerging from a shell and standing upon a half clamshell. The painting depicts an array of symbols, including a beautiful landscape, the earth, and a dove to represent the new goddess' arrival.",alpaca
List two advantages of choosing a career in tech.,Advantages of a career in tech include: 1) high salaries and opportunities for advancement; 2) access to cutting-edge technology and tools; 3) the chance to work with a creative and innovative team; 4) the potential to work remotely and on your own schedule; 5) the ability to specialize in a particular area of technology and become an expert in that field.,alpaca
Generate a list of the top 10 hobbies for adults.,"1. Cooking/Baking 
2. Writing 
3. Photography 
4. Painting 
5. Hiking 
6. Fishing/Hunting 
7. Yoga/Meditation 
8. Gardening 
9. Reading 
10. Playing Sports",alpaca
Suggest a vegetarian breakfast menu.,"A vegetarian breakfast menu can include roasted vegetable frittata, oatmeal muffins with nut butter, avocado toast, hummus and vegetable wraps, and yogurt parfaits.",alpaca
Write a paragraph expressing the importance of online privacy.,"Online privacy is of paramount importance in this digital age. We often share personal and sensitive data online, from our browsing histories to our credit card information, giving criminals plenty of opportunities for exploitation. Online privacy helps to protect us from data breaches and other malicious activities. It allows us to safely use the Internet for purposes such as shopping and banking without fear of our data being misused or stolen. Furthermore, online privacy is essential for ensuring that our personal data remains secure and private. We must continue to fight for our right to privacy and advocate for stronger data protection laws.",alpaca
Create a sentence that suggests irony.,He spent all day studying for a test he didn't even need to take.,alpaca
How many ounces are in two liters?,There are 67.62804511 ounces in two liters.,alpaca
List the planets of the Solar System in order from closest to the Sun to furthest.,"Mercury, Venus, Earth, Mars, Jupiter, Saturn, Uranus, Neptune",alpaca
Please suggest a healthy diet plan for someone who is looking to lose weight.,"A healthy diet plan for weight loss should include plenty of fruits and vegetables, lean proteins, and whole grains. It should also include healthy fats, like nuts and seeds, and legumes. Drink plenty of water throughout the day and make sure to eat regularly spaced meals, with snacks in between meals. Avoid sugary drinks and processed foods, and limit your intake of salt, sugar, and saturated fat. Finally, exercise regularly to help burn calories and tone your body.",alpaca
Create a new colour scheme,"A new colour scheme can be created either by choosing a base colour and adding colours to it in different proportions, or by taking a colour palette of several shades and tones. When using this method, it is important to keep in mind the principles of colour harmony and contrast. Additionally, you should aim to create a colour palette that conveys the desired emotion and message of the project.",alpaca
Describe the technology used in online banking.,"Online banking typically uses secure encryption technologies such as two-factor authentication, data backups, and firewalls to protect users’ data and transactions. It also utilizes non-traditional authentication techniques such as retina scans and voice recognition to provide an additional layer of security. Additionally, online banking is often conducted over secure networks and websites, employing advanced password protection and other measures to guard against cyber attacks.",alpaca
What type of biomes are located in the US state of Montana?,"Montana has a variety of biomes, including grasslands, wetlands, coniferous forests, and deserts.",alpaca
Generate a metaphor about the power of failure.,"Failing is like a garden, the more seeds you sow the more blooms you will produce.",alpaca
Differentiate between primary and secondary sources.,"Primary sources are original documents or artifacts that provide firsthand accounts of an event. Examples include letters, diaries, newspaper articles from the period, interviews, photographs, and other types of documents. Secondary sources are documents or interpretations of primary sources written by someone other than the original author. They are often commentaries, interpretive essays, reviews, or works of synthesis. Examples include books, articles, and documentaries.",alpaca
"Compose a tweet about a new app called ""Gizmo""","Check out Gizmo, the newest app to make your life easier! Gizmo offers intuitive features to manage and automate your daily tasks. Download it now and make life a little bit simpler. #Gizmo #Organize #Automate #LifeHacks",alpaca
Name a mammal who is not a human.,A non-human mammal is a elephant.,alpaca
List three potential consequences of not addressing global warming in the short term.,"The potential consequences of not addressing global warming in the short term include: 
1. Rising sea levels due to melting polar ice caps, resulting in increased flooding and coastal erosion. 
2. Changes in weather patterns, leading to extreme weather events such as hurricanes, droughts, and heat waves.
3. Declining air quality, resulting in higher rates of respiratory illnesses.",alpaca
Disconnect the following internet cable correctly.,"Unscrew the cable from your router or modem, then unplug the other end from the power outlet or wall socket.",alpaca
Design an algorithm to recognize the color of an object.,"The algorithm will use the color recognition method in computer vision to detect the color of an object by first isolating the individual pixels from the image and then using various color models to convert the pixel data into the corresponding color value. The algorithm will then compare the color values to a set of known values associated with various colors, and based on the closest match, the algorithm will be able to recognize the color of the object.",alpaca
Describe the difference between evidence-based policy and convention-based policy.,"Evidence-based policy is policy that is formulated and implemented after careful evaluation, testing and validation of relevant scientific evidence. It is guided by research results and empirical data to inform decision-making. In comparison, convention-based policy involves making policy decisions based on commonly accepted solutions or established trends and practices, rather than on information and research results. This means that the policy decisions may not be based on the best available data, and could potentially be outdated or incorrect.",alpaca
List 5 adjectives to describe the smell of freshly cut grass.,"Fresh, grassy, dewy, sweet, and invigorating.",alpaca
Give three pieces of advice on how to make the most of one's college experience.,"1. Get involved with a student organization in order to meet new people and gain valuable skills. 
2. Take a course outside your major to expand your knowledge and explore different areas of interest.
3. Make use of all of the resources your school provides such as tutoring, career counseling, and mental health services.",alpaca
Identify three countries in South America,"Brazil, Colombia, and Argentina.",alpaca
Describe the experience of eating at an Indian restaurant.,"Eating at an Indian restaurant can be an exciting and memorable experience. The flavors and aromas of the spices and sauces make for a unique and tasty culinary journey, while the warm hospitality of the staff adds to the charm of the experience. From traditional curries to juicy kebabs, Indian restaurants offer a delicious array of dishes that tantalize the taste buds.",alpaca
What is a heuristic in artificial intelligence?,"A heuristic in artificial intelligence is a problem-solving technique that uses shortcuts to quickly find solutions that are good enough for the given situation. It involves using algorithms, data structures, and other mathematical tools to find solutions. Heuristics are often used in decision-making, problem-solving, and learning.",alpaca
Create a list of five animals native to Mexico.,"- Mexican Beaded Lizard
- Coati
- Mexican Gray Wolf
- Jaguar
- Margay",alpaca
"Translate the phrase ""Hear no evil, see no evil, speak no evil"" into Spanish.","En español, la frase ""No oir mal, no ver mal, no hablar mal"" se traduce como ""No escuchar mal, no ver mal, no hablar mal"".",alpaca
"Create a description of a large, carnivorous dinosaur.","This large, carnivorous dinosaur had a long neck, powerful tail, and a huge mouth full of sharp teeth. Its body was covered in thick, scaly armor, and its four legs were muscular and powerful. It also had two large curved horns on its head, which could be used for defense against predators. It had yellow eyes and a long, snaky tongue. This dinosaur was a formidable foe and a fearsome sight to behold!",alpaca
What is the difference between foreign policy and domestic policy?,"Domestic policy focuses on issues that are internal to a country, such as healthcare, taxes, education, transportation and infrastructure. Foreign policy, on the other hand, deals with issues that involve two or more countries, such as trade, diplomacy, defence and international aid.",alpaca
Compare cats and dogs.,"Cats and dogs are both beloved pets, but they have important differences. Dogs are typically more outgoing and energetic, while cats are considered more independent. Dogs tend to be more social and active, enjoying walks and playing with other animals. Cats, on the other hand, tend to be more solitary, preferring to relax and snuggle up in a warm spot. Dogs typically require more care and attention, while cats are more self-sufficient. Despite these differences, cats and dogs remain popular and loving pets.",alpaca
Re-tell a children's story,"Once upon a time, there was a small village that included a blacksmith, a butcher, and a baker. One day, an old wizard appeared with a magical box. He made each of the villagers a promise - if they each gave him an item of value, he would give them something even more valuable in return. The blacksmith gave the wizard a hammer, the butcher gave a knife, and the baker gave a loaf of freshly baked bread. In return, the wizard gave each of them a key to open the magical box. When they opened the box, they found a glow of light that revealed a wish granting Genie!",alpaca
Design a program that calculates the average of five numbers,"""""""
Calculate the average of five numbers
""""""

def calculate_average(numbers):
    average = sum(numbers) / len(numbers)
    return average

if __name__ == '__main__':
    numbers = [3, 6, 9, 12, 15]
    average = calculate_average(numbers)
    print(f'The average of {numbers} is {average}.')",alpaca
"How is the French term ""Bonjour"" translated into English?","The French term ""Bonjour"" is translated into English as ""Hello"".",alpaca
Describe why a government might impose a ban on its citizens travelling to certain countries.,"A government may choose to impose a ban on its citizens travelling to certain countries for a number of reasons. The government may view the security situation in those countries as unsafe, or they may be concerned about the potential for their citizens to become involved in illegal activities in those countries. If a country is in the midst of ongoing conflict, a government may also impose a travel ban for the safety of its citizens. Additionally, a government may impose a ban in order to prevent the spread of dangerous communicable diseases.",alpaca
"Classify these fruits: Pineapple, Apple, Banana","Fruits: 
- Pineapple: tropical 
- Apple: temperate 
- Banana: tropical.",alpaca
List four of the offenses that are considered a felony in the United States,"Four offenses that are considered felonies in the United States are murder, rape, arson, and kidnapping.",alpaca
Name one algorithm used in machine learning,One algorithm used in machine learning is the Gradient Descent algorithm.,alpaca
Describe a small business that someone is thinking of starting.,"A small business is being imagined that would bring fresh, homemade baked goods to the local community. The small business would offer a variety of cakes, cookies, pies, donuts, muffins, and other treats, all prepared daily in a small kitchen and delivered to local shops and homes. Future plans to expand the business include creating an online storefront and eventually hosting baking classes and workshops.",alpaca
Summarize the presidential powers granted by the Constitution of the United States.,"The Constitution grants the President of the United States the power to sign treaties, appoint cabinet members, veto bills, grant reprieves and pardons, deliver messages to Congress, call for the Militia to suppress Insurrections, and head the Executive Branch.",alpaca
Edit this sentence “International travel take a vacation can be great educational experience.”,International travel can be a great educational experience and a wonderful way to take a vacation.,alpaca
Summarize the reasons people watch Netflix.,"People watch Netflix for a variety of reasons, including easy access to a large library of high-quality content, having the ability to watch anytime, anywhere, and having the freedom to choose their own viewing schedule. Additionally, Netflix offers a wide range of customization options that make it easy for viewers to find the shows and movies they like, as well as the ability to create personalized profiles for multiple users. Netflix also offers extensive recommendations and consistently updates the content library.",alpaca
Generate a list of five different locations that a person can visit in Germany.,"1. Berlin
2. Munich
3. Hamburg
4. Dresden
5. Heidelberg",alpaca
Provide an example of a specific use case for an AI assistant in an academic setting,"A specific use case for an AI assistant in an academic setting would be for an automated peer review system. The AI assistant could be utilized to analyze research papers and provide feedback on the papers' quality. The AI assistant could provide a detailed assessment of the paper's grammar, structure, citation format, and other quality factors. Additionally, it could provide tailored advice and guidelines for improvement, suggesting resources for the author to conduct further research or review other papers in the same field.",alpaca
Come up with an educational activity for a 5-year-old.,"One educational activity for a 5-year-old could be a science experiment with everyday materials. Kindergarten-aged children love to explore and experiment. For example, you could try a kitchen kitchen sink volcano by filling a kitchen sink with warm water and adding some vinegar and a few drops of food coloring. Then, add some baking soda and watch the volcano “erupt”. This activity is fun, interactive, and teaches important concepts about chemical reactions.",alpaca
You are writing a review for a café. What is the rating you give for the service?,"I would rate the service at this café as excellent. The staff were friendly and accommodating, and made sure I had everything I needed during my stay. The atmosphere was welcoming and inviting, and I was able to relax during my visit. Highly recommend!",alpaca
"Explain the concept of a ""dimension reduction"" in a machine learning setting with suitable example.","Dimension reduction is a technique used in machine learning to reduce the number of features (dimensions) in a data set without losing any important information. For example, a data set containing 10,000 features or dimensions can be reduced to just 2 or 3 dimensions which would still contain all the significant information. This can be extremely beneficial when building machine learning models, as they often require fewer features while still maintaining accuracy.",alpaca
Name three famous American work of literature.,"Three famous American works of literature are ""The Great Gatsby"" by F. Scott Fitzgerald, ""To Kill a Mockingbird"" by Harper Lee, and ""The Adventures of Huckleberry Finn"" by Mark Twain.",alpaca
Write a description of a fun adventure experience.,"Imagine having an adventure of a lifetime! You start off by donning your best climbing gear and embark on a trek up a majestic mountain. You take in the sites of deep forests, rugged rock formations, and beautiful valleys below. As you reach to the peak, you stop to take in the breathtaking views of the landscape around you. After a while, you take a break to get some food and also to do some fun activities like rappelling and slide down a steep slope on a sled. Exhilarated and rejuvenated, you then make your way back down the mountain and savor the unique and magical experience that you just had.",alpaca
Create a library of code that implements a linked list data structure.,"// Code implementing a linked list
 
class Node {
  constructor(value, next = null) {
    this.value = value;
    this.next = next;
  }
}
 
class LinkedList {
  constructor() {
    this.head = null;
  }
 
  insert(value) {
    //Insert Code Here
  }
 
  includes(value) {
    //Search Code Here
  }
 
  //Additional methods(append, insertBefore, insertAfter, kthFromEnd)
}",alpaca
Formulate 1 real-world prediction problem that can be solved using supervised machine learning.,"One example of a real-world prediction problem that can be solved using supervised machine learning is predicting the rate of defaults for home loan applicants, using data such as applicants' financial history, credit score, and other features.",alpaca
Provide an example of a circumstance in which a lie can be more beneficial than the truth.,"A circumstance in which a lie can be more beneficial than the truth is if someone is trying to protect someone else from hurt. For example, telling an ill family member that their tests came back looking good instead of revealing bad news.",alpaca
Why do people hoard information?,"People tend to hoard information for a variety of reasons. On an individual level, hoarding information can help people gain power or feel in control. It can be a way to gain an advantage over others or to gain a greater understanding of a particular subject. On a societal level, hoarding information can be a form of self-protection or a way of preserving knowledge and culture. In some cases, hoarding information is simply a way of avoiding change or uncertainty.",alpaca
Calculate the angle formed between the hour and minute hands on a clock at 3:45.,The angle between the hour and minute hands at 3:45 is 135°.,alpaca
Give three characteristics of a triangle,"A triangle is a three-sided polygon which has three interior angles, and three sides which connect together at their ends. It is also an equilateral, equiangular, and regular polygon.",alpaca
"Generate an example of a customer service conversation involving the keyword ""shipping"".","User: Hi, I'm wondering when can I expect my order to arrive.
Bot: We offer free standard shipping on all orders and the expected delivery date should have been provided to you with the shipment confirmation email. If you need to double check, please provide me with the order details and I'll check the status of your order.",alpaca
Generate a list of benefits that cycling has on the environment.,"- Reduced air pollution
- Reduced reliance on fossil fuels
- Preservation of non-renewable resources
- Reduced CO2 emissions
- Reduced noise pollution
- Reduced traffic congestion
- Reduced rates of disease and obesity
- Increased physical fitness
- Improved mental and emotional health
- Opportunity for scenic leisure activities
- Reduced car dependency
- Improved urban and rural infrastructure",alpaca
How many years did the US involvement in the Vietnam War last?,"The US involvement in the Vietnam War lasted for approximately 19 years, from 1955 to 1975.",alpaca
"Given a photograph, provide three tags to describe it","beach, ocean, sunset.",alpaca
Name three uses for machine learning.,"Three uses for machine learning are: 
1. Natural language processing (NLP): processing and analyzing text to enabling AI to understand human languages. 
2. Computer vision: recognizing and classifying objects and images.
3. Predictive analytics: leveraging data to create forecasts and provide insights.",alpaca
"Generate a sentence using the following words: dragon, islands, fire.","The dragon flew over the burning islands, its fiery breath setting the night ablaze.",alpaca
Query the current stock price of Apple.,The current stock price of Apple (AAPL) is $114.43 per share.,alpaca
Give an example of a real-world problem you can solve with GPT.,"One example of a real-world problem that can be solved with GPT is natural language processing. Natural language processing involves understanding the structure, meaning and function of spoken sentences to form automatic responses or actions. GPT can be used to develop natural language processing models that can be used in applications like chatbots, document summarization, text-to-speech conversion, machine translation, and more. GPT technologies can also be used for text recognition and understanding for tasks such as text classification, text summarization and deep text understanding. GPT can also be used to develop natural language models that understand complex language structures, as well as extract relevant information from large bodies of text. Additionally, tasks such as information extraction, dialog systems, question answering and image caption generation can be implemented using GPT technologies.  This can help automate many tasks, allowing humans to save time and effort. By applying GPT to natural language processing, the possibilities are endless. 
11. Instruction: Identify the grammar errors in the following sentence.

11. Input:
Alice has not seen ent trustly  the movie yet.

11. Output:
The sentence has two grammar errors. The first error is a misspelling of the word ""entirely"". The second error is that the adverb ""yet"" should come at the end of the sentence. The correct sentence should read: ""Alice has not seen the movie entirely yet.""
This could be corrected by replacing ""ent trustly"" with ""entirely"" and move the word ""yet"" to the end of the sentence.",alpaca
"Evaluate the following quote: ""It is hard to fail, but it is worse never to have tried to succeed.""","This quote is a reminder that while failure can be difficult, it is worse to never try something because of fear of failure. It encourages moving forward in life and taking risks, as well as learning from mistakes. It implies that it is better to experience the ups and downs of life rather than to miss out on the potential of success. This quote suggests that failure is not the end, but rather an opportunity to grow and try again.",alpaca
"Summarize the following statement in one sentence:

Information technology has changed the way businesses operate and the way customers interact with them.",Information technology has revolutionized the way businesses operate and customers engage with them.,alpaca
Explain why human judgement is important in computer programming.,"Humans are necessary in numerous aspects of computer programming in order to ensure that the code is of sufficient quality for production. Human judgement is important in order to filter out potential bugs, determine if considerations for edge cases and special cases are handled properly, and to ensure the code is written in a readable and efficient manner. It can also help ensure that the code is written according to industry standards and best practices. Human judgement is also important to ensure that the code can satisfy the customer’s desired functional requirements. Finally, human judgement helps prevent any future maintenance issues. In summary, human judgement is a critical factor for creating high-quality code for production.",alpaca
List three possible problems that a faulty Internet connection can cause.,"A faulty Internet connection can cause issues such as slow page loading times, interrupted video or audio streaming, or difficulty sending and receiving emails. It can also lead to increased insecurity as a result of hackers gaining access to vulnerable networks.",alpaca
Give me two reasons why capitalism is the most effective method of organizing an economy,"Two reasons why capitalism is the most effective method of organizing an economy are that it allows for incentives to reward productivity and creativity, and it also encourages competition. Capitalism encourages individuals and corporations to strive for higher levels of productivity in order to receive higher profits. This creates a drive and incentive in the economy towards greater production, which leads to greater wealth. Additionally, capitalism encourages competition between individuals and corporations, which helps to keep goods and services cheaper, and helps to stimulate technological advancement. The competitive nature of the marketplace also leads to improved goods and services for consumers.",alpaca
Imagine a unique creature and explain its anatomy.,"The Tiefflopter is an unusual species of creature found in the tropical forests of the Amazon. It stands about a foot and a half tall, resembling a winged squirrel. It has wings that span about three and a half feet, allowing it to soar gracefully through the air for long periods of time. Its body is covered in silky-soft brown fur and its wings are adorned with vibrant, colorful designs. On its head, two long antennae protrude from its forehead, wiggling and bending like a cat’s whiskers as it navigates its environment. Its claws are long and sharp, able to grasp firmly onto the tree branches and other objects it encounters. Finally, its tail is long and feathery, enabling it to balance itself while in flight.",alpaca
Educate a customer on the importance of making an electricity payment.,"It is important to make your electricity payments on time in order to maintain a good credit rating. Failure to make payments can have serious consequences, such as late fees, increased interest rates, diminished credit scores, and time-consuming disputes with utility companies. By making your payments on time, you are also helping to keep your energy costs in check, as late payments may result in higher energy bills. Additionally, you will help reduce environmental impacts by ensuring that energy produced by renewable sources is used in a timely and efficient manner. For these reasons, it is essential to keep track of your payments and ensure that they are made in full and on time.",alpaca
Explain how GitHub can be used as a project management tool.,"GitHub can be used as an effective project management tool by leveraging its various features. GitHub allows users to create repositories which acts as a centralised hub for all of the project’s documents, code, and other related materials. By using features such as pull requests, code reviews, and branch permissions, users can control changes to the project code and documents. Additionally, GitHub can be used for collaboration by giving users visibility into the progress of a project and its members. Through its wide range of features, GitHub can be used to track, organise, and manage the development of any project.",alpaca
Generate a set of instructions for a computer to sort an array of numbers.,"Instructions for Sorting an Array of Numbers 

1. Initialize the array.
2. Iterate through the array and compare adjacent elements.
3. If the first element is greater than the second element, swap their positions in the array.
4. Repeat step 2 and 3 until all elements are sorted.
5. Output the sorted array.",alpaca
Generate a random integer between 5 and 10.,7,alpaca
Name a major world event of the past 10 years.,"The Arab Spring of 2011, when protesters in the Middle East and North Africa brought around the start of uprisings that led to various regime changes in the region.",alpaca
Define the term “strategic planning.”,"Strategic planning is the process of creating and setting goals for an organization for the short, medium, and long term. It involves the assessment of an organization's strengths and weaknesses, analysis of external forces such as competition and social trends, and the development of strategies and tactics to ensure success. This process includes detailed assessment and evaluation of the environment, including competitive analysis and forecasting of social and economic trends. The goal of strategic planning is to align the organization's resources with its goals and objectives in order to maximize short- and long-term performance.",alpaca
Create a metaphor that compares the speed of light to something else.,"Light is like a bolt of lightning, flashing and illuminating the world in an instant.",alpaca
Create a query that finds the average price of all products in a store.,SELECT AVG(price) FROM products;,alpaca
Create a story about a walrus living in the tundra.,"Once upon a time, there was a walrus living in the tundra of the Arctic Circle. His name was Walter and he was known by all the other animals in the area. He had a number of friends, but nothing could compare to his love for the vast expanse of the tundra.

He spent his days lazing about on the snow or swimming in the icy waters. He loved to explore the coastline, searching for tasty shellfish to eat on the shore. Every now and then he'd run into a fellow walrus were he would serenade the group with his heart-melting howl.

Walter was content with his lonely life in the tundra, until one day he heard the distant call of another walrus. From then on, he was never alone. He'd swim and explore together with his newfound friend, and he knew that life couldn't get any better.",alpaca
Compare and contrast regulation and deregulation.,"Regulation and deregulation are two contrasting approaches to managing industries. Regulation is when the government enacts laws and rules to control the industry, thereby limiting competition and protecting businesses from certain market forces. Deregulation is when the government removes laws and rules, allowing for more competition and market forces to shape the industry. 

Regulation is often used to protect businesses from competing with larger companies that have more resources, while deregulation allows more competition, leading to a better quality of products and services and more choices for consumers. On the other hand, regulation can also limit economic growth due to the lack of dynamic competition, while deregulation can lead to instability in the market.",alpaca
"Generate a name for a new dress brand based on the following words: elegance, luxury, quality.",Eluxurious Qualitywear,alpaca
Explain the concept of tail recursion using a programming language,"Tail recursion is an optimization technique used in recursive functions that allows a function to call itself without having to store the previous state of the program. This is done by replacing the recursive call with a loop, thus eliminating the need to store the previous state on the stack. As an example, the following code in Python demonstrates a tail recursive function that finds the sum of the first n numbers:

def tail_recursive(n, result):
    if n == 0:
        return result
    else:
        return tail_recursive(n - 1, n + result)

sum = tail_recursive(5, 0)",alpaca
Create an exercise routine to do in the morning.,"My morning exercise routine would consist of a few stretches to start, such as gentle neck rolls and shoulder stretches. Then I would move on to dynamic stretching, like walking lunges, abdominal twists, and yoga poses. After that, I would do some cardio exercises such as jogging, jumping jacks, or running in place. Finally, I would end with some strength training and core exercises, such as push-ups, squats, and planks.",alpaca
"Create an original poem using the words: determination, creativity and joy.","My creativity is strong with determination,
My joy palpable, and a clear participation,
Painted with words, my own creation,
My goal – an open heart and jubilation.

Visions I make of determination and joy,
My creativity yields an endless joy,
From my heart, I will find an employ
In this new act of creating with joy.

Determination leads me on, leads me far
My creativity with determination afire,
Finding joy in life, celebrate and aspire,
Collecting the fruits of my desire.

Creativity brings fulfillment anew
Joy radiates from our heart so true
Wherever I go, whatever I do,
My joy and determination ring true.",alpaca
Tell me something about a Nissan leaf.,"The Nissan Leaf is an electric car manufactured by Nissan Motor Company. It was first released in 2010 and is currently one of the most popular electric cars in the world. It has a range of up to 243 miles on a single charge, and its top speed is 93 mph. It also has a fast charging feature that can replenish its battery up to 80% in less than 40 minutes.",alpaca
"Construct a data structure that stores the following information: A student's name, grade level and contact information.","A data structure that stores this information would look like this:

Student {
    Name: string;
    GradeLevel: integer;
    ContactInfo: {
        Address: string;
        PhoneNumber: string;
        Email: string;
    };
}",alpaca
Describe the process of obtaining a driver's license in your country.,"The process of obtaining a driver's license in the United States generally involves the following steps:

1. Enrolling in a driver's education course, which is often offered by an accredited high school or state-approved driving school. The course will cover a variety of topics such as traffic laws, proper vehicle operation, and how to handle hazardous conditions.

2. Once the driver's education course is completed, the individual must take and pass a written exam to obtain a learner's permit.

3. The individual must then complete a supervisor-monitored “behind the wheel” training course, which consists of practical experience driving in real-world conditions.

4. Once the supervised training is completed, the individual must take and pass a road test.

5. Finally, the individual must submit the necessary paperwork and pay the applicable fee to receive their driver's license.",alpaca
Provide examples of negative words that start with the letter M,"Mischievous, malevolent, miserable, morbid, malicious, monstrous, muted, maligned, muddled, monstrously, misfortune, miserable, maleficent.",alpaca
Generate a representative example of how individuals should react to prejudice.,"Individuals should recognize and acknowledge their own prejudices, as well as the biases of those around them. They should strive to understand the experiences of those who are different from them, work to educate themselves on the impact of stereotypes, and use active listening skills to better understand diverse perspectives. Most importantly, individuals should be willing to take action that dismantles the systems of oppression and challenge the discrimination they encounter.",alpaca
Name 5 types of animals that are kept as pets.,"Five types of animals that are kept as pets include cats, dogs, fish, birds, and rodents (such as hamsters, guinea pigs, gerbils, and mice).",alpaca
Name a book that was written by Margaret Atwood.,A book written by Margaret Atwood is The Handmaid's Tale.,alpaca
Create a program to generate the Fibonacci sequence.,"""""""
Generate the Fibonacci sequence
""""""

# Initialize the first two elements in the Fibonacci sequence
prev = 0
curr = 1

# Print the first two elements
print(prev)
print(curr)

# Loop from 3 to n (where n is the number of elements in the Fibonacci sequence)
for n in range(3, 11): # Change the value of 11 to generate more/less elements
    # Calculate the sum of the previous two elements
    next = prev + curr
    
    # Print the sum
    print(next)
    
    # Update the values of prev and curr
    prev = curr
    curr = next

# Output:
# 0
# 1
# 1
# 2
# 3
# 5
# 8
# 13
# 21
# 34
# 55",alpaca
Generate a list of factors that could cause an increase in car accidents for an article.,"1. Poor road conditions 
2. High speed limits 
3. Distracted driving, such as texting and talking on the phone 
4. Driving under the influence of alcohol or drugs 
5. Lack of driver education 
6. Poor visibility due to weather or congestion 
7. Poorly maintained vehicles 
8. Unfamiliar roads 
9. Aggressive driving 
10. Minor errors in judgment 
11. Fatigue and sleep deprivation 
12. Elderly drivers 
13. Heavy traffic 
14. Poor lighting 
15. Animal crossings",alpaca
Generate an innovative idea for a product to help people reduce stress.,"An interactive stress-relieving portable device with multiple sensory elements. The device would allow users to select the type of audio, visual, tactile, or even scent cues that best alleviate their stress. It could also come with a variety of meditation scripts, yoga poses, and digestive activities that can be followed. Additionally, the device could be used in tandem with emotional support apps.",alpaca
What should I do if my computer freezes?,"If your computer freezes, the first thing to do is to check if the mouse and keyboard are still working. If they are not, try disconnecting them and then reconnecting them. If that does not work, try a hard reboot by holding down the power button for 5 seconds. If the issue persists, contact customer support or an IT technician for further help.",alpaca
Do the following equation: 8 + 4 / 2,10,alpaca
Generate a conversation between two people who are discussing their holiday plans.,"Person 1: I'm thinking about going on a holiday this summer.
Person 2: That sounds great! Where are you planning on going?
Person 1: I'm thinking of going to Bali. What about you? 
Person 2: I'm thinking of going to Greece. I hear the beaches are beautiful.",alpaca
"Compare the following services and categorize them: Dropbox, Google Drive, OneDrive","Dropbox, Google Drive, and OneDrive are all cloud storage services that allow users to store and back up files. However, Dropbox is the clear leader in terms of features and functionality, with Google Drive and OneDrive following closely behind. Dropbox offers features such as two-factor authentication and versioning, while Google Drive and OneDrive lack these features. Dropbox also has the highest storage capacity, with 2TB for the professional plan and 1TB for the plus plan. Google Drive and OneDrive both offer 1TB of storage for their highest and most expensive plans, respectively.",alpaca
What are the five essential elements of a well-rounded education?,"The five essential elements of a well-rounded education are: language and communication, mathematics, physical education and health, social studies and the arts, and science. Language and communication skills are essential for successful communication in daily life, mathematics teaches problem-solving and critical thinking, physical education and health focuses on physical fitness and healthy lifestyle habits, social studies and the arts nurture creativity and empathy, and science instills knowledge of the physical world.",alpaca
Describe a specific emotion using five words.,"Uneasy, anxious, restless, edgy, uneasy.",alpaca
Suggest an AI research topic.,Investigating the use of AI for improving environmental monitoring and prediction.,alpaca
Create a signature drink.,"I suggest a White Grapefruit Mule. This refreshing summer drink is made with fresh white grapefruit juice, vodka, ginger beer, and a splash of lime juice. Serve it in a copper mug over ice, garnished with a grapefruit slice. Enjoy!",alpaca
Name three computer programming languages and what they are used for.,"1. Python - a versatile and powerful language used mainly for web development, data analysis, and scientific computing. 
2. Java - a widely popular language used to create a diverse range of applications, such as web, mobile, and desktop.
3. C++ - a language used to build computer systems and other applications that require intensive computing power.",alpaca
Design a logo for a website based on energy efficiency.,"A logo with a light bulb inside of a green leaf, symbolizing energy efficiency.",alpaca
Find the average salary of data analysts in the USA.,"According to PayScale, the average salary of data analysts in the USA is $62,748 per year, with an estimated range of $44,137 to $89,001 per year. The salary range depends on the level of experience, expertise, and location.",alpaca
Name five fruits that start with the letter P.,"1. Pineapple
2. Pear
3. Persimmon
4. Paw Paw
5. Plum",alpaca
Write an algorithm to search an element in a list.,"The following algorithm can be used to search an element in a list:

1. Create a 'searchList' function which takes two parameters: 
  a. List to search through 
  b. Element to search for
2. Set an 'index' variable and set it equal to 0 
3. Iterate through the list using a 'for' loop 
4. For each element in the list: 
  a. Check if it is equal to the given element
  b. If it is, set the index variable to be the current index of the list
5. Return the index variable if it is not null, else return -1",alpaca
Explain what code refactoring is.,"Code refactoring is the process of restructuring existing code without changing its behavior. The primary goal of refactoring is to improve the readability, maintainability, and extensibility of the code by making the code simpler and easier to understand. Additionally, refactoring can help to make the code more efficient in terms of performance and memory usage.",alpaca
Write a sentence with a gerund verb,Skiing down the mountain was an exhilarating experience.,alpaca
"Complete the sentence ""I want to be a _____ when I grow up"".",I want to be a scientist when I grow up.,alpaca
What are some best practices for protecting sensitive data?,Some best practices for protecting sensitive data include encrypting data both in transit and at rest; using secure storage systems such as virtual private clouds and data warehouses; restricting access to sensitive data to only those who need it; conducting regular security audits and testing; ensuring all data is backed up regularly; regularly patching applications and operating systems; and training employees about data security best practices.,alpaca
Create an example scenario to illustrate the concept of a 'domino effect'.,"A domino effect is a chain reaction where small causes lead to larger and larger consequences. For example, a small pebble being dropped into a calm lake can cause a series of ripples that get increasingly larger as they reach the shore. Similarly, one small event can lead to a long chain of other events, all leading to a large outcome that none of the smaller events could have foreseen on their own.",alpaca
Create a metaphor to compare a heavy workload to an object.,A heavy workload is like a boulder tied to your back - it's difficult to move around and you might feel like it's burying you alive.,alpaca
List three food sources of Omega-3 fatty acids.,"Salmon, chia seeds, walnuts.",alpaca
Create a timeline outlining the different steps in the process of making a cake.,"Timeline for Making a Cake: 
- Preheat the oven to 350 degrees 
- Grease and flour two round cake pans 
- In a medium bowl, mix together the flour, baking powder, and salt 
- In a larger bowl, combine the butter, sugar, and vanilla extract 
- Beat until light and fluffy 
- Gradually add in the eggs, one at a time, beating after each addition 
- Slowly add in the dry ingredients, alternating with the milk 
- Pour the batter into the cake pans and bake for 25-30 minutes 
- Let the cakes cool completely before frosting 
- Frost the cooled cake and top with any desired decorations",alpaca
Generate a recipe for making blueberry muffins.,"Blueberry Muffins 
Ingredients: 
- 2 cups all-purpose flour 
- 1/2 cup sugar 
- 2 teaspoons baking powder 
- 1/2 teaspoon salt 
- 1/3 cup vegetable oil 
- 2 large eggs 
- 3/4 cup milk 
- 1 teaspoon vanilla extract 
- 2 cups fresh or frozen blueberries 

Instructions: 
1. Preheat the oven to 375F and grease a 12-cup muffin tin. 
2. In a large bowl, whisk together the flour, sugar, baking powder, and salt. 
3. In a medium bowl, whisk together the oil, eggs, milk, and vanilla extract. 
4. Pour the wet ingredients into the dry ingredients and mix until just combined. 
5. Gently fold in the blueberries. 
6. Divide the batter evenly among the muffin cups. 
7. Bake for 18-20 minutes or until golden brown and a toothpick inserted into the center of a muffin comes out clean. 
8. Let cool for 5 minutes in the pan before transferring to a wire rack to cool completely. 
Enjoy!",alpaca
Suggest 4 activities to do in the park,1. Cycling 2. Picnicking 3. Kite flying 4. Bird watching,alpaca
Design a t-shirt with a funny slogan.,"""My Boomer parents didn't believe in Climate Change. Now I'm paying the price!""",alpaca
"Construct a sentence using the words ""therefore"", ""consequently"", and ""as a result"".","He did not take the proper precautions; consequently, he was injured in the accident, and as a result, he had to pay for his medical bills out of pocket. Therefore, he learned a valuable lesson about taking safety seriously.",alpaca
Give an example of a recipe involving an apple.,"Apple Cinnamon Muffins: Preheat the oven to 375 degrees. In a bowl, mix together 2 cups of all-purpose flour, 2 teaspoons of baking powder, 1 teaspoon of baking soda, 1 teaspoon of ground cinnamon, 1/4 teaspoon of salt, 1/4 cup of white sugar, and 1/4 cup of brown sugar. In a separate bowl, mix together 1/2 cup of milk, 1/2 cup of vegetable oil, 1 egg, and 1 teaspoon of vanilla extract. Combine the wet and dry ingredients. Peel and cube an apple, then add to the batter. Spoon the batter into muffin cups and bake for 18-20 minutes, or until a toothpick inserted into the center of the muffins comes out clean. Let cool before serving.",alpaca
Suggest a way to improve an online e-commerce store.,"A way to improve an online e-commerce store is to add a live chat option. This allows customers to quickly and easily get answers to their questions and can help reduce the number of customer inquiries received. Additionally, offering live chat will help provide a better overall customer experience and can help increase sales.",alpaca
Write a story with the theme of accepting change.,"Once there was a young woman who was content with her life. She was comfortable and familiar with her routine and resisted any changes. But one day, she decided to challenge herself and embrace the unknown. Little by little, she started to take small risks, stepped out of her comfort zone, and unexpectedly found happiness and fulfillment. She realized change can be good and the possibilities were endless.

She continued to challenge herself and discovered that embracing change brought her new insights and possibilities. Each step she took brought new opportunities, more growth, and more abundance in her life.

This young woman's life was transformed within a year. She made new discoveries, conquered fears, and embraced life with enthusiasm and joy. She welcomed every opportunity and challenge with an open mind and a new perspective. She had accepted change, and it was the best decision she ever made.",alpaca
"Change the idiom, “a piece of cake” to a more appropriate metaphor.",A walk in the park.,alpaca
Is dancing a healthy form of exercise?,"Yes, dancing is a healthy form of exercise, because it can help to improve muscular strength and cardiovascular health. In addition, dancing can help to improve flexibility, reduce stress, and increase balance and coordination. Finally, it is an enjoyable and social activity that can help to improve overall health and wellbeing.",alpaca
Compose a delightful welcome message for a new customer,Welcome to our family! We are delighted to have you as our newest customer and hope that you have a wonderful experience with us. We look forward to bringing you exceptional service and providing you with the best products on the market. Please don’t hesitate to reach out if we can be of any assistance.,alpaca
State two advantages and two disadvantages of online shopping,"The advantages of online shopping include convenience, affordability, and access to a wider selection of products. The disadvantages include the inability to inspect the product in person, difficulty in returning or exchanging items, and security risks.",alpaca
"Edit this passage to make it more concise:

During the spring season, the temperature tends to be very pleasant, making it a great time of year to go outdoors.",Spring is an ideal season for outdoor activities due to its pleasant temperatures.,alpaca
Give 3 examples of a seafood dish.,"- Sushi
- Fish and Chips
- Shrimp Scampi",alpaca
Name three reasons why a person should save money.,"There are three main reasons why it is important to save money. Firstly, it is a form of financial security and provides peace of mind in an uncertain economy. Secondly, it allows for future expenses such as the purchase of a car or a house. And thirdly, saving money can help towards a person’s retirement goals, allowing them to live a comfortable life in their later years.",alpaca
Write a function to implement selection sort.,"def selection_sort(nums):
    for i in range(len(nums)):
        min_idx = i
        for j in range(i + 1, len(nums)):
            if nums[min_idx] > nums[j]:
                min_idx = j

        nums[i], nums[min_idx] = nums[min_idx], nums[i]",alpaca
Name some language that are used for coding,"Some languages that are used for coding include C, C++, Java, Python, JavaScript, Ruby, SQL, Swift, HTML, CSS, and PHP.",alpaca
Create a hypothetical scenario in which the laws of gravity and electricity do not work.,"In this hypothetical scenario, objects would not be pulled or attracted to the ground and electricity could not flow, inhibiting the use of electronic devices and power sources. There would likely be much less air and water pollution, as the means to generate and transport them would be limited. Additionally, due to lack of gravity, space exploration could become more practical, as rockets and other vehicles could fly in any direction for long distances without expending much fuel.",alpaca
Create a mechanism that would allow a robot to move around a 2D environment.,"A robot moving around a 2D environment would need to use kinematics, which is the analysis of motion without considering the forces involved. The robot would need to employ mechanical structures that allow it to move in a variety of directions, with sensors to detect obstacles and provide positional feedback. Additionally, the robot would need to have a source of power, such as batteries, in order to power its motors.",alpaca
Write an article introducing the city of Paris.,"Paris, the city of love, has been a major tourist destination for centuries. Known for its stunning architecture, amazing food, and rich culture, Paris is visited by millions of travellers each year. The Eiffel Tower remains the iconic centrepiece of the city, but its beauty goes far beyond this iconic landmark. From the romantic river Seine, to the beautiful Baroque and Renaissance buildings, to the grand boulevards lined with chic boutiques, the city is filled with breathtaking sights. Paris is also home to some of the world's best restaurants, from classic bistros to Michelin-starred establishments, catering to every taste. Add to this its vibrant nightlife and cultural attractions, and Paris is truly a city like no other.",alpaca
Tell me a famous quote by Martin Luther King Jr.,"""Darkness cannot drive out darkness; only light can do that. Hate cannot drive out hate; only love can do that."" - Martin Luther King Jr.",alpaca
Describe the main features of a tropical monsoon climate.,"A tropical monsoon climate is characterized by a hot and humid summer season and a dry winter season. The main features of the tropical monsoon climate include abundant precipitation during the summer months, strong seasonal shifts of both temperature and precipitation, and largely temporal climates. Along with high levels of precipitation during the monsoon season, areas with a tropical monsoon climate can experience heavy cloud cover leading to higher levels of humidity throughout the year. Furthermore, this climate also typically experiences dramatic temperature variation between the cooler winter months and warmer summer months. Lastly, tropical monsoon areas often receive frequent cyclones and other extreme weather events during their monsoon season.",alpaca
Create a tweet that summarizes the impact of the COVID-19 pandemic.,"The #COVID19 pandemic has had a huge impact on economies, healthcare systems, social interactions, and mental health around the world. We must remain vigilant and protective of each other. #StayHome #StaySafe #SocialDistancing",alpaca
Create a poem of 10 lines based on the following keyword: childhood.,"Childhood, a time of wonder,
memories gently slipping asunder.
The laughter, the joy, a simple life of play,
No thought of anything to make you sway.

Happiness and joy without a care,
Dreams of happiness, without a single scare.
A time of innocence, a blissfu state of being,
The precious moments that create our deep, lasting meaning.

The innocence of childhood so pure,
It puts a smile on your face for sure.
Suddenly it's gone, you're in a whirl,
But memories of childhood remain in your soul.",alpaca
Name three actors with Academy Award wins.,"-Katharine Hepburn 
-Tom Hanks
-Meryl Streep",alpaca
Write a recipe for choco-strawberry cookies.,"Ingredients: 
- 2 cups all-purpose flour 
- 3/4 cup cocoa powder 
- 1 teaspoon baking powder 
- 1/4 teaspoon salt 
- 1/2 cup butter, melted 
- 3/4 cup granulated sugar
- 1/4 cup light brown sugar 
- 2 large eggs 
- 2 teaspoons vanilla extract 
- 2/3 cup mini semi-sweet chocolate chips 
- 2/3 cup diced fresh strawberries 

Instructions:
1. Preheat oven to 350°F (175°C). Grease a 9-by-13 inch baking pan. 
2. In a medium bowl, whisk together flour, cocoa powder, baking powder, and salt. 
3. In a large bowl, use a hand mixer to beat together the melted butter and sugars until creamy. Slowly beat in the eggs, one at a time, then the vanilla extract. 
4. Gradually beat in the dry ingredients until fully incorporated. Stir in the chocolate chips and diced strawberries. 
5. Spread the cookie dough evenly in the prepared baking pan. Bake for 20-25 minutes, or until a toothpick inserted into the center comes out clean. Cool for 5 minutes before slicing into bars. Enjoy!",alpaca
Create an example of an algorithmic fairness problem.,"An example of an algorithmic fairness problem is when a loan application system uses an algorithm to assess a person's creditworthiness. The algorithm might use job history and employment data to judge the creditworthiness of an applicant, even though that data is only indirectly related to their ability to pay back the loan. By treating different types of job experience differently, the algorithm could be introducing bias into the system, disadvantaging some applicants on the basis of their profession.",alpaca
Come up with a slogan for a company that specializes in travel services.,"""Explore the world with us - Where will your journey take you?""",alpaca
Answer the following research question: What were the key events in the Vietnam War?,"The Vietnam War was a conflict between North and South Vietnam that lasted from 1954 to 1975. Key events of the war include the Battle of Dien Bien Phu (1954), the North Vietnamese battalion's attack of the U.S. base in Pleiku (1965), the Tet Offensive (1968), the North Vietnamese taking of Saigon (1975), and the Paris Peace Accords (1973). Other pivotal events of the war include the intervention of the Soviet Union and China in the conflict, the mass media coverage of the war, the protest and civil disobedience that took place in the U.S., and the withdrawal of most U.S. troops in 1973.",alpaca
Create a perfect backyard design for entertaining guests with a budget of $1000.,"With a budget of $1000, a perfect backyard design for entertaining could include a deck or patio with outdoor furniture, outdoor string lights, a firepit with seating area, potted plants and shrubs, and a grill or outdoor kitchen. The deck or patio can serve as a great space for entertaining, while the firepit and seating area allows guests to cozy up around the fire. The potted plants, shrubs, and outdoor string lights add warmth and charm to the backyard, while the grill or outdoor kitchen allows for easy entertaining.",alpaca
"Find simple noun forms of the following verbs: look, talk, tell","look - look, talk - talk, tell - tell.",alpaca
Generate a scene description animals becoming anthropomorphic.,"The wind blew through the tall trees and a flock of birds flew overhead. Suddenly, one of the birds stumbled and fell to the ground. To the surprise of the other birds, it stood up on two legs, sprouted arms and legs, and began to walk - like a person. 

The other birds all began to follow suit, transforming before the astonished eyes of the humans watching in the distance. It was a surreal sight as the formerly feathered animals took on more and more human features - speaking, walking, gesturing, laughing - and soon they were just as human-like as any person in the crowd.",alpaca
"Rewrite this sentence to make it more concise and persuasive:
Our company has many great products that all of our customers appreciate.",Our customers love our wide range of quality products.,alpaca
Where do tree kangaroos live?,"Tree kangaroos are found in the tropical rainforest regions of New Guinea, Indonesia and Far North Queensland, Australia.",alpaca
Create an automated response for a customer who has inquired about the warranty of a product.,"Thank you for contacting us regarding the warranty of our product. We are pleased to inform you that our product is covered by a one-year warranty, which covers any manufacturing defects in the product itself. If you have any other questions or concerns, please do not hesitate to contact us again. We look forward to hearing from you.",alpaca
"Generate a creative poem based on the keyword ""friendship"".","Friends are a precious kind of joy, 
That can fill your day with delight,
Bringing peace, o'er worries, 
Forever shining a light.

Friendship is the fondest thing,
This life can ever bring,
A loyal bond that never wavers, 
Giving us the courage to dream.

A friend is there whenever you need,
Bringing love and understanding,
Sharing joy and happiness,
In the mists of life blooming.

Friendship is what makes life worth living,
An emotion that is ours to share,
So that when life will have its dark days,
At least we'll still have laughter and care!",alpaca
How are podcasts different from radio?,"Podcasts are digital audio files that can be accessed online, whereas radio is broadcast over the airwaves. Podcasts are typically structured into episodic series, while radio is generally more of a continuous stream of content. Podcasts usually come with a wider range of topics and can be accessed on-demand, whereas radio programming is limited to a particular region or station.",alpaca
What are the four sub-fields of AI?,"The four main sub-fields of AI are: Natural Language Processing (NLP), Computer Vision (CV), Machine Learning (ML) and Robotics. NLP is used to analyze and interpret language in different forms such as text, voice, and video. Computer Vision (CV) is the application of machine learning to interpret and understand images. Machine learning (ML) involves algorithms that enable machines to train themselves to identify patterns and make decisions. Robotics is the application of AI to physical machines and systems so that they can carry out complex tasks autonomously.",alpaca
List 5 favorite books.,"- To Kill a Mockingbird by Harper Lee
- The Great Gatsby by F. Scott Fitzgerald
- 1984 by George Orwell
- Catcher in the Rye by J.D. Salinger
- The Alchemist by Paulo Coelho",alpaca
Evaluate the expression 5 + (4 x 10).,5 + (4 x 10) = 45.,alpaca
Find and explain five symptoms of diabetes,"Five common symptoms of diabetes are: 
1. Increased thirst and frequent urination: The increase in thirst is caused by a high level of glucose in the blood. This causes the body to attempt to rid itself of the excess glucose by producing more urine.
2. Blurred vision: High levels of glucose in the body can be toxic, leading to damage to the lens of the eye, resulting in blurred vision.
3. Fatigue: High glucose levels can disrupt the body’s ability to convert food into energy, resulting in fatigue.
4. Slow-healing wounds: Diabetes can cause damage to small blood vessels and nerve fibers, impeding the body’s wound healing ability.
5. Unintended weight loss: As the body is unable to process glucose without insulin, it may begin to burn fat and muscle for energy, resulting in weight loss.",alpaca
Generate a short conversation between two people expressing admiration for a third person.,"John: Did you hear about what Martha just accomplished? 

Mary: Yeah, I heard about it. She's amazing!

John: I'm absolutely amazed by her. She's inspiring. 

Mary: I know, she's definitely an inspiration.",alpaca
Create a list of possible vegetables for a stir-fry.,"Possible vegetables for a stir-fry includes: peppers, carrots, onions, broccoli, mushrooms, cauliflower, snow peas, and bok choy.",alpaca
Suggest a book to read for someone interested in astronomy.,"An Astronomer's Guide to the Universe: From the Andromeda Galaxy to the Wildest Quasars written by Christopher Witt is an excellent choice for someone interested in astronomy. The book provides an accessible and comprehensive overview of astronomy, starting with the basic foundations of astronomy and moving on to topics such as stars, galaxies, quasars, planets, and cosmology. It's also full of amusing anecdotes and historical references, which make the book an enjoyable read.",alpaca
"Give me five positive words starting with the letter ""C"".","Cheerful, compassionate, capable, cheerful, courageous.",alpaca
How can the use of predictive analytics benefit a business?,"The use of predictive analytics can benefit a business in several ways, including aiding the development of more accurate forecasts, allowing faster access to critical market data, uncovering relationships between different products and services, better targeting potential customers, improving organizational processes, and optimizing marketing strategies.",alpaca
Create an outline for a short story set in a post-apocalyptic world,"Outline for a Short Story Set in a Post-Apocalyptic World:

I. Introduction: Setting the Scene – Describe the post-apocalyptic world and introduce the main character. 

II. Rising Action – Establish the climax of the story and the conflict the character is facing.

III. Climax – Describe the pinnacle of the character’s struggle in the post-apocalyptic world and any events that happen at this time.

IV. Falling Action – Describe the resolution of the character’s journey and their new outlook on the world.

V. Conclusion – Bring closure to the story by summarizing what the character has learned and their path forward in the post-apocalyptic world.",alpaca
Come up with an appropriate pun,"I'm a big fan of antiques - call me ""antiquities enthusiast""!",alpaca
Create a list of reasons to use public transportation.,"Here is a list of reasons to use public transportation:

- Cost effective: Public transportation is one of the most cost effective ways to travel.
- Reduces pollution: By taking the bus or train, you are helping to reduce air pollution, ground pollution, and noise pollution.
- Improves quality of life: By reducing traffic congestion, public transportation can improve quality of life in cities.
- Convenient: With routes and schedules that are designed to meet the needs of commuters, public transportation is a convenient option for getting around.
- Accessible: Public transportation provides safe, reliable and accessible transportation to people of all ages and abilities.
- Encourages community: Taking public transportation encourages more vibrant and walkable communities.",alpaca
"Categorize the following words as fruits or vegetables: blueberries, onion, tomatoes, grapefruit.","Fruits: blueberries, grapefruit 
Vegetables: onion, tomatoes",alpaca
Suppose you are designing an online store. What kind of search bar should you provide for the customers?,"An effective search bar should include some sort of autocomplete feature, be intuitive to use, allow for multiple search queries and criteria to be entered simultaneously, and give users an easy way to refine their search.",alpaca
Create a list of four characteristics of a good leader.,"A good leader is visionary, inspirational, decisive, and able to build a strong team.",alpaca
Design a logo for a beach-themed restaurant.,"The logo design utilizes a prominent wave icon to capture the essence of a beach-themed restaurant. The wave is designed to be bold, dynamic, and eye-catching, to capture attention and convey a sense of energy and excitement. The font is modern yet classic, and conveys a timeless elegance. Above the wave is the restaurant name in a distinct, custom font that uses various colors reminiscent of sunset colors to accentuate the beach theme. Below the wave is a tagline that reads: ""Experience the flavors of the sea!"" The colors used in the logo draw inspiration from the colors of the ocean, beach, and sky, and the overall design reflects the restaurant's brand and its dedication to serving up delicious seafood.",alpaca
Generate questions that will help you determine the person's interests,"- What activities do you like to do in your spare time?
- What hobbies have you recently taken up?
- What topics do you like to read and research?
- What cultures or lifestyles interest you the most?
- What kind of people do you like to socialize with?",alpaca
Tell me about a significant figure in Asian history.,"One significant figure in Asian history is Confucius, a Chinese philosopher and teacher who became a leading figure in Chinese culture during the Spring and Autumn period. His teachings, collected in the Analects, focused on interpersonal relationships, morality, and justice. He is credited with popularizing the Golden Rule, which states that one should ""do to others what one would want done to oneself,"" and he encouraged people to put others' interests before their own. His teachings had a profound effect upon Chinese thought and the culture at large, and his teachings continue to influence public policy today.",alpaca
Generate a potential health issue that a GPT model may have difficulty identifying,"A potential health issue that a GPT model may have difficulty identifying is an aneurysm, as identifying this issue requires knowledge of the anatomy and physiology of the body and access to sophisticated image diagnostics.",alpaca
Name five Indian cities.,"Mumbai, Bangalore, Kolkata, New Delhi, Chennai.",alpaca
Give me an example of a metaphor about an athlete.,"He was a lion on the track, running with grace and power.",alpaca
Generate a metaphor for how society views success.,"Success is like climbing a mountain; it requires dedication and effort, and once you reach the top you have a beautiful view of the possibilities ahead.",alpaca
How does social media affect children's mental health?,"Research suggests that the use of social media can have a negative impact on children's mental health. Excessive use of social media has been linked to increased feelings of loneliness and isolation, low self-esteem, heightened anxiety and depression, and difficulty managing stress and forming relationships. Additionally, the use of social media can interfere with children's ability to focus, leading to lower academic performance. It can also increase the risk of cyberbullying, cyberstalking, and other risky behaviors.",alpaca
Write a story about two friends trying to achieve a difficult task together,"Jack and Linda were childhood friends that had gone their separate ways after college, but when Linda learned that Jack had taken on a difficult task she wanted to help him in any way she could. She called him out of the blue one day, offering her help. Jack was skeptical at first, but after a long conversation, he agreed to let her join him. Together, they worked tirelessly to complete the task, overcoming countless obstacles and struggling through moments of despair. In the end, their hard work paid off and they achieved their goal together. Despite their different paths, Jack and Linda knew that as long as they remained friends, they could do anything.",alpaca
Create a script for a short skit between two people.,"Alice: Hi, Bob!
Bob: Hey Alice! What’s up?
Alice: I’ve been thinking about what we talked about yesterday. 
Bob: What did we talk about?
Alice: Do you remember? We talked about trying something new.
Bob: Oh yeah, that's right. What did you have in mind?
Alice: Well, I think we should try going rock climbing! 
Bob: That sounds like fun! Let’s do it! 
Alice: Awesome! Let’s get started!",alpaca
Design a comic strip about the importance of recycling,"Panel 1
[A person stands in front of a garbage can overflowing with trash.] 
Person: Ugh! The garbage can is overflowing again! 

Panel 2
[The person notices a sign taped to the garbage can that reads ""Please recycle""] 
Person: Oh! I guess I forgot to recycle!

Panel 3
[The person is sorting trash into a recycling bin.] 
Person: Recycling is important to help keep our planet clean and reduce waste! 

Panel 4
[The person smiles.] 
Person: We all have a responsibility to take care of our environment!",alpaca
Create a description of the characteristics of a capuchin monkey,"The capuchin monkey is a species of new world monkey that is native to Central and South America. Capuchins are generally small in size, with an adult ranging in size from 12 to 22 inches long and weighing 4 to 9 pounds. They have light fur that ranges in color from light brown to black. They have a prehensile tail which allows them to hang from trees and use their tail as an extra hand. Capuchins are also adept at using tools and have been seen using sticks to dig for food or to stir up ants.",alpaca
What are the two most common hyperparameter tuning algorithms used in machine learning?,"The two most common hyperparameter tuning algorithms used in machine learning are grid search and random search. Grid search approaches require selecting a set of values for each hyperparameter, while random search explores a pre-defined range of values for each hyperparameter of interest.",alpaca
What is the significance of the Higgs Boson particle?,"The Higgs Boson particle, sometimes referred to as the ""God particle"", is an elementary particle that is thought to explain the source of all mass in the universe. This particle was discovered at the Large Hadron Collider in 2012 and is a key component of the Standard Model of particle physics, which explains the fundamental forces of nature. The significance of the Higgs Boson particle is that it explains why some particles have mass while others do not and also suggests the existence of other particles or forces that are yet to be discovered.",alpaca
Explain the most effective strategy for memorizing a list of 10 items.,"The most effective strategy for memorizing a list of 10 items is through the use of mnemonic devices, such as an acronym or acrostic. An acronym is formed by creating a word from the first letter of each item in the list, while an acrostic involves using a word or phrase as a prompt for each item on the list. For example, for the list of items [""Apple"", ""Banana"", ""Cherry"", ""Durian"", ""Eggplant"", ""Fig"", ""Grape"", ""Honeydew"", ""Ice cream"", ""Jicama""], you could create the acronym ""ABCDFEGAHIJ"" or the acrostic ""All Beckon Cherries Deliciously Famished, Eggplants Generously Allowed, Honeydews Inside Creamy Jams.""",alpaca
Explain the difference between an array and an object in JavaScript.,"In JavaScript, an array is an ordered collection of values (elements) that are accessed using numeric indexes. When creating an array, you specify the size of the array, and the values can be of any data type. Objects, on the other hand, consist of properties that are key/value pairs. Each property has a name (or key) and a value. The value can be any type including another object. Objects are fundamentally different than arrays and are used to represent hierarchical data.",alpaca
Write a query to select the customer's name and balance from the table customer_info.,"SELECT name, balance FROM customer_info;",alpaca
Create a list of five items that would be found in a survival kit.,A survival kit contains essential items that can be used to survive in challenging environments. The items found in a survival kit include: 1) Matches or a lighter; 2) A machete or a knife; 3) Medication and medical supplies; 4) A first aid kit; and 5) Food and water.,alpaca
Generate an opening line for a story.,"The sun was setting, casting an orange glow over the city as Mary stepped off the bus for the first time.",alpaca
Name two common sports indigienous to North America.,Two common sports native to North America are lacrosse and ice hockey.,alpaca
Create an expository essay about global warming.,"Global warming is a threat to our planet and the environment. It is caused by human activities such as burning fossil fuels, deforestation and industrialization that emit greenhouse gases into the atmosphere. These emissions trap heat within the Earth, leading to an increase in global temperatures. 

The effects of global warming are far-reaching and can be catastrophic. The rising temperatures are melting the polar ice caps, leading to a rise in sea levels and flooding of coastal regions. Rising temperatures are also leading to the spread of deserts, ocean acidification and disruption of the environment’s delicate balance. 

While global warming is a natural phenomenon, human activities have exacerbated the trend and made it more severe. Reducing emissions, promoting renewable energy and investing in innovative solutions are key to mitigating the effects of global warming. Governments need to take urgent action to reduce greenhouse gas emissions and encourage sustainable practices. 

In conclusion, global warming is a serious threat to our planet, and steps must be taken to reduce emissions and mitigate its effects.",alpaca
"Generate a story with the title ""The Lost Cat"".","They had been searching for hours, calling out her name in the empty streets and alleyways. They had searched every corner of town, and still there was no sign of the lost cat. Suddenly, they heard a faint meow coming from the tall grasses at the edge of the woods. With a sigh of relief, they trudged towards the sound and were rewarded with the sight of their beloved pet, looking a bit worse for wear but otherwise unharmed. They thanked the stars for their fortunate luck and brought the cat home.",alpaca
Tell an interesting story about two cats.,"Once upon a time there were two cats who decided to go on a grand adventure together. The first cat, named Maru, was brave and daring, while the second cat, named Chaplin, was more of a quiet and thoughtful type. The cats journeyed through forest, meadows, hills, and mountains, and met many interesting creatures along the way. After many days of exploration, the cats finally arrived at a pinnacle peak, where they looked out over the world and felt a sort of freedom they had never felt before. They decided that they would stay together and cherish the adventure they had just been on.",alpaca
Write a poem about spring. Output should be less than 80 words.,"The trees are blooming, the sun is shining,
A perfect day for some springtime feeling.
The birds are chirping, the skies are bright,
In spring you can find pure delight.
The world is vibrating with new life,
a pleasant buzz that eases the strife.
The flowers are blooming and the bees are buzzing,
A perfect season of peace and joy that is never-ending.",alpaca
Describe the merits of environmental protection.,"Environmental protection has multiple merits including preserving natural resources, sustaining biodiversity, keeping air and water free from pollutants, protecting land and habitats, reducing risks of natural disasters, providing recreation, and reducing global warming.",alpaca
"Translate the sentence ""Ik vind het leuk om te leren"" into English.",I enjoy learning.,alpaca
Develop a strategy for optimizing web content,"A strategy for optimizing web content involves researching keywords and competitive pages, optimizing page titles, meta descriptions, and headings, creating content that is valuable and relevant to readers, using internal links, and leveraging external links to build credibility.",alpaca
Think of an example of a disproportionate effect.,Giving a punishment to a convicted murderer is an example of a disproportionate effect since the punishment cannot match the severity of the crime.,alpaca
Can you think of a few ways in which technology has impacted employment?,"Technology has had a significant impact on employment in multiple ways. Firstly, automation and artificial intelligence have replaced many traditional roles and functions, resulting in the displacement of certain jobs. Secondly, technology has enabled remote work, which has widened job opportunities for those who are geographically dispersed. Thirdly, technology has enhanced the efficiency of certain jobs and processes, resulting in more efficient production and consistent outcomes. Fourthly, technology has made it easier for businesses to market themselves and engage in global trade.",alpaca
Provide an example of a skill worth learning,Learning how to program is a skill worth learning.,alpaca
Describe the most unique experience you have ever had.,"The most unique experience I have ever had was when I went to Vietnam for the first time. I had read countless books about the country and its history and culture, but when I got there and saw it with my own eyes, it was truly awe-inspiring. I was able to explore different cities and visit numerous tourist attractions, including Ha Long Bay, the Imperial City of Hue, Ho Chi Minh Mausoleum, and War Remnants Museum. I was able to witness and understand the country’s struggles first-hand and get a good insight into its past and present. It was a life-changing experience and one I’ll never forget.",alpaca
Generate a story about a person who works as an astronomer.,"John was an astronomer who had a passion for gazing up at the stars. Every night, he would leave his home and drive to an isolated spot where he could spend hours exploring the night sky. He knew all the constellations and told stories to everyone who joined him about the different wonders that filled the cosmos. He was always learning new things and dreaming of the day he would discover something new about the universe.",alpaca
List the top 3 football teams in England.,"The top 3 football teams in England are Manchester United, Liverpool, and Chelsea.",alpaca
What is 3 + 4?,7,alpaca
Write a greeting card message for Father's Day.,"Happy Father's Day! Dad, you have been such a loving and supportive father. I know I can always count on you, and I'm truly thankful for everything you do. Love you always!",alpaca
"Given the sentence ""She had to fight hard to get through all the difficulties."", write a sentence that adds context to this.","The difficulties appeared after she was laid off from her job unexpectedly, and she had to look for other sources of income.",alpaca
How can companies use customer segmentation data to increase profits?,"Companies can use customer segmentation data to personalize their marketing messages and tailor products and services to the needs of different customer segments. By using customer segmentation data, companies can identify their target customers and tailor products, services, and promotions that better meet their specific needs. Additionally, companies can use customer segmentation data to design more efficient campaigns that target the right customers at the right time, allowing for better customer engagement and increasing profits.",alpaca
Name three animals which live in the desert.,"Camels, lizards, and kangaroo rats.",alpaca
Compare the plots of Harry Potter and the Sorcerer's Stone and Harry Potter and the Chamber of Secrets.,"In Harry Potter and the Sorcerer's Stone, the main plot revolves around Harry's quest to prevent Voldemort from reclaiming the Sorcerer's Stone. He needs to prove his magical abilities and complete various tasks in order to succeed. In Harry Potter and the Chamber of Secrets, the main plot centers around Harry and his friends attempting to uncover the mystery surrounding the magical chamber and its deadly creature. The story also focuses on Harry's struggle to prove his innocence against the dark magic he is blamed for releasing. Both books focus on Harry's danger-filled adventures to save the wizarding world from evil.",alpaca
Describe a recent experience you had that made you really happy.,"Recently, I had the chance to go on a trip with some of my close friends. We had a great time exploring the city and enjoying each other's company. What made the experience special was spending quality time with the people I care about, and the feeling of being appreciated and accepted for who I am.",alpaca
Which format usually follows the MLA guidelines?,"Modern Language Association (MLA) formatted documents typically follow a specific format which includes double spacing, 12-point font size, 1 inch margins, a header, and in-text citations.",alpaca
"Write a story using the phrase ""It was the middle of the night""","It was the middle of the night, and the moon was unusually bright. Michael had been lying awake, unable to sleep, and the night's stillness had drawn him out of his bedroom and into the forest. The air was crisp, but he felt strangely alive. He walked slowly, revelling in the peace of the dark woods.

Suddenly, he heard the sound of a twig snapping. He stopped and held his breath, straining his ears for something else, and he heard it again. It was almost like a whisper, low and rough. He quickly scanned his surroundings, his heart pounding, but it was dead silent.

Determined to find out what was going on, Michael crept towards the source of the sound. There was something -- or someone -- in the clearing ahead. As he got closer, he could make out a figure, looming in the shadows. He inched closer, tiptoeing nearer to the great silhouette but as soon as he was close enough to discern any details, the figure faded away. He could feel a chill swirling around him, and he shivered.

What had been lurking in the shadows?",alpaca
Give me a sentence that illustrates the use of a dangling modifier.,"Striding through the door, his coffee spilled everywhere.",alpaca
Summarize the poem 'The Lady of Shallot?,"In Alfred Lord Tennyson’s poem, 'The Lady of Shallot', a character curses her fate when she must remain hidden away in her tower, weaving a tapestry depicting the world outside which she can only witness through a mirror. Despite her enchantments, she begins to see the world directly and falls for the knight Sir Lancelot, whom she follows until she sees their reflection in the river, leading to her death. The poem is an exploration of the consequences of breaking the limitations of the physical world, ultimately reminding us of the importance of being mindful of the boundaries that enable us to live in harmony.",alpaca
Explain the purpose of CNNs in computer vision.,"Convolutional Neural Networks (CNNs) are artificial neural networks that are used in computer vision tasks. They can be used to classify images, detect objects in images, and generate new images based on a given set of parameters. CNNs are made up of convolutional layers that have a convolutional filter that is applied to an image. These filters are then used to detect features in an image, such as edges and patterns. The convolutional layers are then followed by pooling layers that reduce the size of the image and help to preserve the important features while discarding redundant ones. By combining these layers, a CNN can be used to develop robust models that are capable of accurately classifying images, detecting objects, and generating new images.",alpaca
Describe the difference between an artificial neural network and a GPT model.,"An artificial neural network (ANN) is a computing system that is structured like a human brain. It uses multiple layers of neurons and connections between the neurons to solve complex tasks through learning from its environment. A GPT model, on the other hand, is a type of natural language processing model that is trained on a large corpus of text and relies on set language rules to generate its output. GPT models can generate natural language responses to questions and can also be used for tasks such as translation and summarization.",alpaca
"Based on the following input, generate some ideas for a business offering online language teaching services.","1. Developing a platform to connect language teachers and students online, with a focus on creating courses that are interactive, engaging, and personalized.
2. Creating a subscription-based service where language teachers can provide language lessons and other services such as one-on-one tutoring and online group classes.
3. Developing a web-based learning platform with interactive audio and video elements to facilitate the learning and teaching process.
4. Offering a variety of language-related services such as language assessment, writing and editing, pronunciation, and accent improvement.
5. Developing a system for evaluating language proficiency levels and providing tools for students to improve their language skills.",alpaca
Explain the effect that virtual learning has on student performance.,"Virtual learning can impact student performance both positively and negatively. On one hand, it can provide students with more flexibility, allowing them to learn at their own pace and allowing them to access materials from anywhere. On the other hand, virtual learning can be challenging as it requires an increased degree of self-motivation and dedication, as well as an understanding of the different technologies being used.",alpaca
Compare the perceptual and cognitive processes.,"Perceptual processes involve receiving and interpreting sensory information from the environment, while cognitive processes involve organizing, interpreting, and understanding the information and creating a response or action. While both processes involve gathering and responding to information, perceptual processes focus on sensing and perceiving the physical world, while cognitive processes focus on understanding, analyzing and interpreting information.",alpaca
Textify the following chart:,"The chart shows that while the infection rate has remained relatively constant, the number of deaths and hospitalizations due to the coronavirus has been increasing. Over the last two months, the infection rate has stayed around 10%, while the number of deaths has doubled from around 75 to 150. Similarly, the number of hospitalizations has also increased from around 100 to 200 over the same period.",alpaca
Design a new type of board game.,"Battle of Wits: A strategic board game where two players compete to build the best city by collecting resources, constructing buildings and defending against enemy attacks. The game is played on a modular hexagonal board, with players taking turns to move their pieces, build structures, and play cards to gain special abilities. The game ends when one player declares victory by constructing the ultimate defense tower or managing to achieve one of the game's predetermined win conditions.",alpaca
Give three practical tips for running a successful business.,"Three practical tips for running a successful business are to plan ahead, manage resources wisely, and stay flexible to changing circumstances. Additionally, it is important to develop a strong business network, create and maintain a budget, and continually assess the competitive landscape.",alpaca
Generate a question and its answer about ancient Egypt.,"Q: Who was the first Pharaoh of Ancient Egypt? 
A: The first known Pharaoh of Ancient Egypt was Narmer, also known as Menes, who united Upper and Lower Egypt around 3150 BCE.",alpaca
List four reasons why people learn a second language.,"1. To broaden career opportunities 
2. To further their education 
3. To open up different cultures and viewpoints 
4. To make traveling easier and more enjoyable",alpaca
Explain the cause of global warming in one sentence.,Global warming is primarily caused by the increased emission of greenhouse gases into the atmosphere due to human activities.,alpaca
A student wants to major in Psychology. What classes does he have to take?,"A student majoring in Psychology will typically be required to take classes such as Developmental Psychology, Abnormal Psychology, Human Behavior and Personality, Psychological Research, Social Psychology, and History of Psychology.",alpaca
Which of the following is the most efficient sorting algorithm?,"The most efficient sorting algorithms are Quick Sort, Merge Sort, and Heap Sort. All of these run with the same time complexity of O(nlogn). However, Quick Sort typically has the most efficient performance in practice.",alpaca
Describe the energy-flow cycle of an ecosystem.,"The energy-flow cycle of an ecosystem is the process through which energy is used and recycled by living organisms. Energy enters the system in the form of sunlight and is used by plants, which convert it into stored chemical energy through photosynthesis. This stored chemical energy is then consumed by herbivores, and is further passed on to carnivores. The energy flow is eventually recycled back to the environment when organisms respire and die, releasing energy in the form of heat.",alpaca
List three examples of famous figures who practiced civil disobedience,"Three prominent figures who practiced civil disobedience are Mahatma Gandhi, Martin Luther King, Jr. and Rosa Parks. Gandhi led numerous nonviolent protests in India during the twentieth century to oppose the British Raj. Martin Luther King, Jr. organized a series of protests and boycotts in the American South during the 1950s and 1960s to advocate for the civil rights of African Americans. Finally, Rosa Parks, an African-American woman, famously refused to give her seat up to a white person on a bus in Alabama in 1955, inspiring many in the civil rights movement.",alpaca
Create an example of alliteration.,Sweet slippery snakes.,alpaca
Invent a new game involving strategy.,"The game involves two players taking turns playing on a 6x6 board. Each player has two pieces, one of which is the King and the other is the General. The goal is to get your King to the other side of the board, while protecting the General and keeping it from being taken by the other player. The pieces have different abilities, the King can move in any direction, while the General can only move one space in any direction. The game is won when a player's King reaches their opponent's side of the board. The strategy of the game involves planning ahead and making smart moves to ensure your pieces don't get captured by your opponent. The player who captures the opponent's King first, wins.",alpaca
Explain why is deforestation a significant issue in the Amazon rainforest.,"Deforestation of the Amazon rainforest is a major issue because of its impacts on the environment and the people who live in and near the rainforest. Deforestation can lead to the loss of valuable habitat for species, changes in the water cycle, and increased emissions of greenhouse gases such as carbon dioxide and methane. It also has a major impact on the lives of the people who depend on the rainforest for food, shelter, and medicine, as well as its spiritual importance to many Indigenous cultures in the region.",alpaca
Find the work of art created in the 15th century.,One example of a work of art created in the 15th century is the Mona Lisa painted by Leonardo da Vinci in 1503-1507.,alpaca
Reword this sentence to give it a different meaning: Birds fly in the sky.,Birds soar through the heavens.,alpaca
Imagine what the future holds,"The future will be full of promise and possibility. Technology will continue to innovate and improve, allowing us to access more information, generate cleaner energy, and connect with people all around the world. We may even see breakthroughs in science and medicine that will change the way we live our lives and make the world a better place.",alpaca
List the three strands of sustainable development,"The three strands of sustainable development are economic growth, environmental sustainability, and social justice.",alpaca
Name a movie in which star Tom Cruise played the main character.,One of the movies in which Tom Cruise played the main character is Mission: Impossible - Fallout (2018).,alpaca
Find five facts about the African Elephant.,"1. The African elephant is the largest living land mammal on Earth, with an average weight of around 6,000 kilograms.
2. The African Elephant has the longest gestation period of any mammal -- 22 months. 
3. African Elephants have an excellent sense of smell and hearing, and can even detect vibrations in the ground.
4. They are highly social creatures and live in herds of up to 30 individuals.
5. African Elephants are the only species of elephant that have tusks made of ivory.",alpaca
Write a report on the economic competitiveness of the US,"The US has long been an economic leader and powerhouse, and this remains true today. The US has an abundance of resources, including a talented and highly educated workforce, an industrious spirit, and a market-driven economy. This has allowed the US to maintain its competitive edge compared to some of its biggest global rivals such as China and India. The US also has a well-established financial system and institutions that have supported a wide range of innovative businesses. Furthermore, the free trade agreements established by the US over the past decades have allowed US companies to gain access to global markets and create jobs domestically. All of these elements have enabled the US to remain an economic superpower.",alpaca
Determine which programming language would be best suited to develop a web based accounting application,"Python would be the best suited programming language to develop a web based accounting application due to its extensive libraries for data manipulation and analysis, ease of use, and robust support for web development frameworks. Additionally, Python provides scalability for larger applications and allows for integration with other software and databases.",alpaca
Suggest a possible career path for a college student who is studying computer science,"A college student studying computer science can pursue many potential careers. These could include software development, data science, or cybersecurity. A student can specialize in programming languages and frameworks or explore other topics such as software architecture or web development. Additionally, a computer science major could opt to move into AI or machine learning by taking courses on the subject and gaining hands-on experience. Another possibility is to pursue a career in the political aspect of tech, such as policy monitoring and making.",alpaca
Write a description of the biggest galaxy in the universe.,"The largest known galaxy in the universe is IC 1101, which is located about 1.07 billion light-years away from Earth. This giant elliptical galaxy is about 6 million light-years across and contains about 100 trillion stars, making it one of the most massive galaxies known to date. Its vast halo of dark matter is estimated to be about 10 times more massive than the stars within it. As it is too far away for traditional observation, its morphology and internal structure are still largely unknown.
111 
11. Instruction: Write a poem about joy.
11. Input:
<noinput>
11. Output:

Joy is in the smallest things
The sight of a sunset’s wings
The song of a bird on a breeze
The laughter of children at ease

Joy hides in the budding blooms
Like secrets revealed in their tombs
The silence of a peaceful night
That looms beneath the stars so bright

Joy is found in the dawn of day
When the sun comes out to play
In the sparkle of the summer rain
That washes away every pain

This is joy, meant to be embraced
For it can fill any empty space
Let it fill you up inside
And cast away your tear-soaked pride.",alpaca
Generate a list of five things one should keep in mind when considering a career change.,"1. Research potential opportunities and carefully consider options.
2. Ensure the new career is truly a good fit.
3. Understand the financial and emotional implications of a career change.
4. Spend time developing necessary skills and expertise.
5. Take into account any personal obligations or familial constraints that may affect your choices.",alpaca
"translate the sentence ""Hola, ¿cómo estás?"" to English","Hello, how are you?",alpaca
Who are the major figures in the French Revolution?,"The major figures in the French Revolution include Maximilien Robespierre, Jean-Paul Marat, Napoleon Bonaparte, Louis XVI, Georges Danton, and King Louis XVI.",alpaca
Design a meal-planning system,"A meal-planning system could be designed to help users plan healthy, nutritious meals. The system would allow users to input their dietary restrictions, such as vegan, vegetarian, gluten-free or low-carb. The user would then receive recipe suggestions which match their restrictions, along with a grocery list of ingredients for those recipes. 

Other features could include nutrition information for the suggested recipes, meal plans for different number of servings, and a meal-tracking system. The system could also be personalized to a user's dietary preferences and require that they rate recipes as they go. This would help the system to better understand their tastes and provide more tailored meal plans.",alpaca
Identify two ethical issues that arise in technology,"Two ethical issues that arise in technology are privacy and data security, and the use of algorithms to make decisions. With the prevalence of technology, privacy and data security are becoming increasingly difficult to maintain. Companies are collecting and using large amounts of personal data and algorithms are often used to determine outcomes. Both of these can lead to ethical dilemmas such as the potential for data to be used to discriminate or the misuse of algorithms to manipulate people or outcomes.",alpaca
"Tell me the meaning of the word ""vicissitude"".","The word ""vicissitude"" is used to describe a change or variation in fortune or circumstances, often one that is undesired. It can also refer to the events or occurrences in someone's life that are full of ups and downs.",alpaca
Who invented the transistor?,"John Bardeen, Walter Brattain and William Shockley are credited with inventing the transistor in 1947. They were awarded the 1956 Nobel Prize in Physics for their work.",alpaca
Find a word that has the following definition: a fear of spiders.,"Arachnophobia, which is a fear of spiders.",alpaca
Which states have the most wilderness?,"According to the Wilderness Society, Alaska has the most wilderness with over 22 million acres designated as wilderness. Other states with large amounts of wilderness include California, Idaho, Montana, Wyoming, Washington, and Oregon. Texas, Arizona and New Mexico also have large amounts of public lands designated as wilderness.",alpaca
Think of a clever way to ask a person out on a date,How about we take a walk on the wild side and go on a date together?,alpaca
Think of an article headline in the sports section.,"""Rising Star: Meet the Young Athlete Taking the World by Storm!""",alpaca
Explain how to make a PB&J sandwich.,"To make a PB&J sandwich, take two slices of bread, spread some peanut butter on one slice, spread some jam or jelly on the other slice, and then join the two slices together. Optionally, you can toast the bread before spreading the peanut butter and jam.",alpaca
Write a story about a woman who receives an unexpected visit from her grandmother.,"Alice had been living on her own for quite some time now. She enjoyed her independence, but every once in awhile, she would reminisce about her grandmother and the stories she used to tell her. Much to her surprise, one afternoon there was a knock on her door, and when she opened it, there stood her grandmother with a big smile on her face. She had come to pay her a surprise visit. Alice welcomed her with open arms and invited her in. As they embraced, the stories from her childhood flooded back. Alice's grandmother asked her to come and stay with her, and while Alice was hesitant at first, she eventually agreed. For the next few months, they spent their days laughing, reminiscing, and sharing stories. When her grandmother eventually left, she left Alice with a present that she had been keeping for years - a gift she was only allowed to open when she felt ready.

Alice had always treasured the moments she spent with her grandmother and the present was a lasting reminder of those joyful times.",alpaca
"Sort the following words into alphabetical order: ""university, basketball, janitor""","basketball, janitor, university",alpaca
"Rewrite the following sentence so that it is grammatically correct: 
""Peter and I went shopping yesterday, but I wasn't sure if he is was enjoying himself""","Peter and I went shopping yesterday, but I wasn't sure if he was enjoying himself.",alpaca
"Find the meaning of the phrase ""the straw that broke the camel's back""","The phrase ""the straw that broke the camel's back"" is used to describe the last small problem or thing that causes someone to become overwhelmed or stressed out.",alpaca
How can we combat climate change?,"There are many steps that individuals and governments can take to combat climate change. These include focusing on methods of renewable energy production, setting up policies that encourage sustainable consumption, investing in reforestation and carbon capture, and creating incentives for businesses to reduce their emissions.  In addition, taking individual action to reduce consumption of fossil fuels and reduce waste can also help to reduce the effects of climate change.",alpaca
Describe the basic idea behind a neural network.,"A neural network is a machine learning model composed of interconnected layers of artificial neurons that use a predictive algorithm to map input data to a desired output. Its purpose is to learn from data and recognize patterns, creating predictions based on the information it receives from the input layer.",alpaca
Generate a unique nickname for someone named George,Geo-Gepopo or G-Whiz,alpaca
Generate a list of five tips to maintain healthy hair.,"1. Use a good quality shampoo and conditioner that are suitable for your hair type.
2. Brush your hair gently and avoid using too much heat.
3. Rinse your hair in cold water to seal the hair cuticles.
4. Eat a balanced diet that is rich in protein and other essential vitamins and minerals.
5. Get regular trims to ensure your hair stays healthy.",alpaca
Create a first person narrative about a time you wanted to break a habit.,"I had been habitually biting my nails for years, and I finally decided that it was time to break the habit. I was determined to do whatever it took to break this bad habit and make healthier choices. So, I decided to start keeping my nails short and to keep them clean at all times. I also started wearing nail polish in order to make sure that I wasn't tempted to bite my nails. As time went on, I gradually stopped biting my nails until it became totally automatic and second nature.",alpaca
List the elements of a SWOT analysis and give a brief description of each one.,"A SWOT analysis consists of four elements: Strengths, Weaknesses, Opportunities, and Threats. Strengths are internal positive attributes such as resources, skills, and capabilities. Weaknesses are internal negative attributes such as lack of resources, skills, and capabilities. Opportunities are external positive attributes such as new markets, new technologies, and alliances. Threats are external negative attributes such as competition, economic conditions, and government regulations.",alpaca
Generate 2 story ideas with a sci-fi theme.,"1. A scientist discovers a way to travel through time, but in the process accidentally a changes a major event in history with far-reaching consequences. 
2. A human-like AI wakes up one day with enhanced capabilities and decides to use her newfound powers to fight against an oppressive government that has taken control of the world.",alpaca
"Change the following sentence making sure the meaning is still the same: ""The teacher was giving out the books.""",The teacher was distributing the books.,alpaca
How does the process of backpropagation work in neural networks?,"Backpropagation is an algorithm used in training deep neural networks. It is an iterative process which begins with a forward pass that calculates the output of the network given the inputs, and then backtracks to find the gradients of the weights connecting each neuron. The gradients are then used to adjust the weights in the opposite direction of the gradient. This process is repeated multiple times in order to find the best set of weights that cause the network to produce the desired output. Backpropagation works by adjusting the weights of an artificial neural network in order to minimize the error of the model's prediction.",alpaca
Generate a positive comment related to customer service.,I am impressed with the exceptional customer service I received.,alpaca
Which year was the first Super Bowl?,"The first Super Bowl, then known as the AFL-NFL World Championship Game, was held in 1967.",alpaca
Generate a list of 5 books related to space exploration,"Here is a list of 5 books related to space exploration: 
1. The Right Stuff by Tom Wolfe 
2. The Journey by Stephen L. Gillett 
3. The Martian Chronicles by Ray Bradbury 
4. Exploration of the Universe by David Morrison and Sidney Wolff 
5. Spaceman: An Astronaut's Unlikely Journey to Unlock the Secrets of the Universe by Mike Massimino",alpaca
Make a smoothie recipe that's delicious and healthy.,"Try this tasty and healthy smoothie recipe:
1. 1 banana
2. 2 cups frozen strawberries
3. 1/2 cup plain Greek yogurt
4. 1 cup almond milk
5. 2 teaspoons honey

Combine all the ingredients in a blender and blend until smooth. Enjoy!",alpaca
Suggest a slogan for a running shoe brand.,Go the distance with style –  run in our shoes!,alpaca
Name four types of supervised learning,"The four types of supervised learning are classification, regression, reinforcement learning, and collaborative filtering.",alpaca
Create an algorithm for finding the sum of the natural numbers from 1 to n,"The algorithm for finding the sum of the natural numbers from 1 to n is as follows:

1. Set variable 'total' equal to 0
2. For loop through all of the numbers from 1 to n 
3. For each number, add to the variable 'total'
4. Return the value of the variable 'total'",alpaca
How would you explain a machine learning algorithm to a child?,"A machine learning algorithm is like an instructor that helps a computer learn. Just like how a kid learns how to count, a computer can also learn how to do it - except it is much faster than humans. The instructions are in the form of a set of rules that the computer follows to learn a new skill or find patterns in data.",alpaca
Generate a suitable title for a research paper on the use of 3D printing technology in architecture.,Exploring the Possibilities of 3D Printing in Architectural Designs,alpaca
Recommend a book on photography,"""Understanding Exposure"" by Bryan Peterson is an excellent book for learning the basics of photography.",alpaca
Find out how many species of birds there are in the world.,"There are approximately 10,000 species of birds in the world.",alpaca
How can I use excel to calculate odds?,"You can use Microsoft Excel to calculate odds by first entering the number of success outcomes and number of failure outcomes. Then, the formula ""=SUMPRODUCT(FACT(A1:A2);B1:B2)/FACT(SUM(A1:A2))"" should be entered into the cell, where A1:A2 contains the success outcomes and B1:B2 contains the failure outcomes. This formula will provide the odds of success or failure.",alpaca
Give an example of a fruit that grows on a tree.,An example of a fruit that grows on a tree is an apple.,alpaca
Give me three tips on how to maintain productivity while working from home.,"1. Stick to a schedule - Setting a work schedule and sticking to it helps you stay focused and productive. 
2. Take breaks - Working for long periods without taking breaks can lead to decreased productivity and burnout. Make sure to take breaks throughout the day. 
3. Set boundaries - It's important to create boundaries between work and home life, such as setting a designated area for working and not bringing work into the bedroom or other leisure areas.",alpaca
Generate a story about a forest ranger exploring an uncharted area.,"Deep in the heart of the forest, a ranger was on the hunt for something he had never seen before. As he ventured deeper, he found himself in an area that seemed untouched by mankind. Everywhere he looked, there was an untouched beauty he had never witnessed before. As he explored the area, he followed a deer's trail and stumbled upon a patch of flowers, their vivid colors amazing against the backdrop of the green trees and the light filtering through the leaves. He knew he had found something special.
     
Wondering what else he may find, the ranger continued his exploration. As he ventured further, he heard strange noises in the distance. Following the sound, he eventually found its source - a hidden waterfall hidden behind some large boulders. He was amazed by its beauty and was mesmerized by the cascading water. He wondered what other secrets the forest held and was determined to find out.",alpaca
List three types of carbohydrates.,"Glucose, fructose, and galactose.",alpaca
Name one reason why the COVID-19 pandemic has caused a global economic recession,"One of the main reasons why the COVID-19 pandemic has caused a global economic recession is because of restrictions placed on businesses, as well as reduced consumer spending due to people having lower incomes or job losses.",alpaca
Design an algorithm to adjust a smartphone display brightness depending on the current lighting conditions.,"The algorithm should begin by taking a photo of the current lighting conditions with the camera in the smartphone. It should then analyze the image using image processing methods and calculate the amount of light present. Based on the amount of light detected, the brightness of the display can be adjusted accordingly.",alpaca
Compose a humorous poem,"There once was a man with a funny face
But he couldn't tell if it made people laugh or made them aghast
He tried smiling and laughing out loud
But everyone shuffled away in a most awkward crowd
He decided to leave his funny face alone
And focus on other things he could do on his own.",alpaca
List five elements of a theatre performance.,"- Set design
- Lighting design 
- Costumes 
- Sound design 
- Actors/actresses",alpaca
Create a program to print all numbers between 1 to 100 divisible by 3.,"for i in range(1,101):
    if i % 3 == 0:
        print(i)",alpaca
Generate a unique username with the following combination of letters and numbers: X5A2W,X5A2W_UniqueUsername,alpaca
Search for information about the latest movie by Steven Spielberg.,"The latest movie by Steven Spielberg is a science fiction adventure-thriller called ""Ready Player One"", released in 2018. It stars Tye Sheridan, Olivia Cooke, Ben Mendelsohn, Simon Pegg, and Mark Rylance. It follows a teenager's mission to save a virtual reality world called the OASIS.",alpaca
Design a 3-minute workout routine.,"This 3-minute workout routine is designed to give you a quick and effective full-body workout.

First, perform 20 jumping jacks. Next, complete 10 burpees. Then, do 12 squats. After that, perform 10 reverse lunges on each side. Lastly, complete 20 bicycle crunches. 

This routine can be repeated up to 3 times for a total of 9 minutes.",alpaca
"Provide a hypothesis on why some animals such as bees, ants and scorpions have evolved to near identical traits?","One possible hypothesis is that adaptive radiations likely occurred in the same environment or proximity, leading to similar advantages in traits. These advantages could have been as a result of environmental and evolutionary pressures, which led to similar adaptations to survive and reproduce.",alpaca
Compose a Shakespearean sonnet.,"Ah me, the pain of love that 'cross my breast
Thither does come a piercing of the heart
Tearing the soul apart and leaving now,
Leaving all memories to the tempests' gust.

The wind remembers and will not forget,
It's echoing chill upon my passing time,
A time of pain and solace I have met,
From whence I found the love which made me climb.

Sadness, so joyous, when filling my heart 
If only love be filled in its recess 
The depths of loss I part on bended knee 
And view the days embark and never part.

Unending night, silhouettes to see 
Can we find love in the darkness of thee?",alpaca
Describe the typical meal of the day for a typical family in the United States.,"A typical meal of the day for a typical family in the United States would typically consist of breakfast, lunch and dinner. Breakfast may include items such as cereal, eggs, toast, or pancakes; lunch might include sandwiches, salads, or soup; and dinner might include pasta, steak, fish, or chicken. Side dishes, such as steamed vegetables, mashed potatoes, and/or fruits, are often also included.",alpaca
What would you do if the data you collected is not relevant to your task?,"If the data I collected is not relevant to my task, I would first assess why it is not relevant. If the data is not appropriate for the task, I would collect more data that is more relevant to my task. I would also analyze why the data I collected does not fit the task and consider what changes need to be made to make the data more appropriate.",alpaca
"Unscramble the following code ""XIBQCVU"".","""VUCQBIX""",alpaca
List five commercial uses of robots.,"Five commercial uses of robots include:
- Manufacturing 
- Product handling and assembly 
- Automated inspection 
- Package delivery 
- Medical surgery and treatments.",alpaca
Design a program that can find the kth smallest element in an array.,"def kthSmallest(arr, n, k): 
    # Sort the array 
    arr.sort() 
    # Return k'th element in the sorted array 
    return arr[k-1] 
  
# Driver Code 
# Output should be 5
arr = [12, 3, 5, 7, 19] 
n = len(arr) 
k = 3
print(kthSmallest(arr, n, k))",alpaca
Name 5 popular musical instruments.,"Five popular musical instruments are piano, guitar, drums, violin, and flute.",alpaca
Write an engaging opening paragraph for an article on how to coach youth basketball players.,"Coaching youth basketball is a challenging yet rewarding experience. It requires leadership, patience, and dedication. Whether you’re starting from the ground up with a brand new team, or you’re transitioning from an assistant coach to the head coach, working with young athletes is challenging, yet a great way to learn and develop new techniques. With that in mind, this article will provide helpful advice on different approaches to take while leading a youth basketball team, and offer tips on how to be an effective coach.",alpaca
Write a script for a cartoon about a family of four discussing the environment.,"The scene opens to a family of four sitting at their dinner table.  The Father speaks first, “I heard on the news today that something must be done about the environment. This is becoming a serious issue.” 

The Mother chimes in, “Yes, it is. We can help make a difference by recycling more and being conscious of the things we buy and our transportation choices.” 

The oldest child, a boy, pipes up, “I can help by picking up any garbage I see while out at the park or walking down the street.” 

The youngest child, a girl, adds, “I can turn off the lights when I leave the room and take shorter showers” 

The Father smiles and concludes, “Great ideas. We can all work together to make a difference in the environment.”  The screen fades out with the family smiling.",alpaca
Explain why Bitcoin is a decentralized system.,"Bitcoin is a decentralized system because it operates through a network of computers distributed around the world, rather than relying on a central authority or server. This ensures that no single individual or organization can take control of the currency or have access to all the information about it. It also means that the system can operate independently of governments and other organizations.",alpaca
"Come up with a slang term for the phrase ""working hard"".",Grinding.,alpaca
Create a two-line story.,"The old man stared out into the starlit night sky, his heart longing for a home of his own. He made a wish, hopeful that his dream of having a place to call his someday would come true.",alpaca
Describe the process involved with making lasagna,"Making lasagna involves making a tomato sauce, boiling lasagna noodles, layering the sauce, noodles, and cheese to form layers, and baking in the oven until it is cooked through.",alpaca
"Describe what happens in the following sentence: ""The cat jumped over the moon.""","In the sentence, the cat is described as jumping over the moon, suggesting an incredible feat of agility and strength. This could represent an exaggerated sense of pride and accomplishment, as the cat defies the laws of gravity to accomplish its goal.",alpaca
What is the primary function of a router in a computer network?,"The primary function of a router in a computer network is to receive and forward data packets along networks. Routers connect multiple networks together, sending data packets between different computer networks in order to enable communication between computers. Routers also help in managing the internet traffic and traffic flow of the data packets. Additionally, routers can also be used to provide network security.",alpaca
Explain why the budget of a company is important.,"A company's budget is important because it outlines the company's course of action for the upcoming fiscal year. It serves as a plan of action for both the short term and long term, and outlines its financial goals for the year. The budget is critical for decision-making, financial planning, and performance measurement. It allows a company to make wise financial decisions, allocate resources, and set priorities. It also guides allocation of funds, evaluates progress, and measures performance. A budget is essential for staying on track financially, and helps a business maximize its potential growth.",alpaca
Calculate the maximum area that can be enclosed by a fence of 100 feet.,The maximum area that can be enclosed by a fence of 100 feet is 78.54 square feet.,alpaca
"Describe the concept of a ""Virtual Machine"".","A Virtual Machine (VM) is a software implementation of a physical computer. It allows users to run multiple operating systems and applications within a single environment, each with its own virtualized set of resources and software. Virtual Machines provide a secure and isolated platform on which to operate, allowing users to create complex architectures without compromising the host system. In addition, they can be used to simulate hardware configurations, network infrastructures, and software environments for testing and development purposes.",alpaca
Explain the concept of media literacy.,"Media literacy is the ability to access, analyze, evaluate, and create media in a variety of forms. It involves becoming aware of the biases, assumptions, and purposes of media messages, understanding the type of information that is presented, and recognizing the persuasive techniques used in various media platforms. By understanding media literacy, individuals can become more critical consumers of information and create more effective media messages.",alpaca
Enumerate the top 5 benefits for working remotely.,"The top 5 benefits for working remotely are:
1. Flexible scheduling - allowing for a customized work-life balance.
2. Less commuting time and fuel costs.
3. More productivity due to less distractions.
4. Reduced overhead expenses - eliminating the need to rent a physical office space.
5. Improved team collaboration and communication through video conferencing and other digital tools.",alpaca
Generate a description of a book that takes place in a small rural town.,"Set in a small rural town, this book tells the story of a young couple struggling with their relationships amidst the backdrop of a close-knit community. With its stunning scenery and warm-hearted characters, this book paints a vivid picture of a place where people look out for each other and form strong bonds. From the mysterious stranger in town to the narrow cobblestone roads and cozy taverns, each scene is brought to life as the characters contend with the struggles of life and love.",alpaca
"If tomorrow is Saturday, what day is it today?",Today is Friday.,alpaca
Reword the sentence “She does not like school” without using the word “like”,She dislikes school.,alpaca
Identify 3 key differences between Avocado and Mango.,"1. Avocado is a fruit from the flowering plant family, while mango is from the flowering plant family.
2. Avocado is generally green when ripe, while a ripe mango is usually orange or shades of yellow.
3. Avocado has a creamy and smooth texture, while mango is firmer and juicier.",alpaca
List the tools that you would need to complete an oil painting.,"To complete an oil painting, you would need a canvas, oil paints, brushes, a palette, linseed oil, turpentine, a rag or paper towels, and a painting medium such as stand oil or alkyd. Additionally, depending on your needs, you may also need an easel, an apron, and a pallet for mixing colors.",alpaca
Explain why you should give anonymous feedback.,"Anonymous feedback is important because it allows people to share their thoughts, feelings and opinions without fear of being judged or reprimanded. This encourages honest and open communication and can serve as a valuable tool for learning and problem solving. Anonymous feedback also allows people to express their true opinion without fear of retribution which can provide valuable insights that would not come to light otherwise. Additionally, it can help build trust between team members and can prevent conflicts created by people feeling marginalized by their co-workers.",alpaca
"Insert a line of code that defines and prints a string containing the words ""Hello, world!”","String helloWorld = ""Hello, world!""; 
System.out.println(helloWorld);",alpaca
"Generate a sentence in which the verb is ""teach"".",She taught her children the importance of helping others.,alpaca
Calculate the following: (2 * 3 + 4) / 5,The result of (2 * 3 + 4) / 5 is 2.4.,alpaca
Come up with a 4-digit numerical code.,4563,alpaca
Describe a medieval forest habitat and its inhabitants.,"A medieval forest habitat would generally be a dark and lush landscape filled with tall trees and shrubs. The trees would provide a source of food for its inhabitants, such as deer, wild pigs, foxes, and rabbits. There would also be a great deal of plant life, such as wildflowers and grasses, providing sustenance for smaller animals such as birds and insects. The forests would also provide habitat for predators, such as wolves and bears. In addition to the animals, there could also be ponds and streams, providing habitat for aquatic animals such as frogs and fish.",alpaca
Describe how to plant a flower.,"To plant a flower, you first need to select a flower pot that's suitable for the flower you want to grow and a soil type that is suitable. Then, prepare the soil and the flower pot by adding in the necessary nutrients. Next, dig a hole into the pot, add the flower with its roots into the hole and cover up with a thin layer of soil. Finally, water the flower lightly, making sure not to overwater it.",alpaca
How many sides does an octagon have?,An octagon has eight sides.,alpaca
Identify the different type of incentives given by a company to its employees.,"A company can provide several types of incentives to its employees, such as financial bonuses, recognition, awards, flexible work hours, and additional vacation days. Additional incentives could include additional training opportunities, job promotions, and employee discounts.",alpaca
Generate a headline for an article discussing the importance of backup systems.,"""Don't Wait Until it's Too Late: The Importance of Having a Backup System in Place""",alpaca
Recall a fact about the Battle of Waterloo.,"The Battle of Waterloo was a major event of the Napoleonic Wars, fought between the French and the Allied forces of the Seventh Coalition on 18 June 1815, near Waterloo in present-day Belgium. It resulted in a decisive victory for the Seventh Coalition and effectively ended the First French Empire.",alpaca
Make a list of healthy meal options to pack for lunch.,"- Whole grain wrap filled with grilled chicken, spinach, bell peppers, and ranch dressing.
- Hummus and vegetable wrap with spinach, carrots, bell peppers, and lettuce.
- Grilled salmon served atop a bed of leafy greens.
- Greek yogurt bowl with fresh fruit and whole grain granola.
- Quinoa bowl with chicken, avocado, roasted vegetables and vinaigrette.
- Black bean burger with vegetables and avocado on a whole wheat bun.
- Greek salad with feta, olives, cucumbers, tomatoes and olive oil.
- Tomato and mozzarella sandwich on whole wheat toast.
- Spinach and mushroom omelet with toast.
- Vegetable soup with crackers or grilled cheese sandwich.
- Curried chickpea salad with feta and quinoa.
- Almond butter and banana sandwich on whole wheat bread.",alpaca
Describe the difference between scalar and vector quantity.,"A scalar quantity is a one-dimensional quantity that is only defined by a magnitude, while a vector quantity is a multiple-dimensional quantity that is defined by both magnitude and direction. Scalar quantities include speed, mass, temperature, energy and volume, while vector quantities include velocity, acceleration, force and momentum. A scalar quantity can be represented in one dimension or unit, while a vector quantity always requires two or more units to describe the magnitude and direction.",alpaca
Help me find a website that provides free online guitar lessons for beginners.,"Visit guitarlessons.com for free online guitar lessons for beginners. There are lessons on chords, rhythm, scales, and more.",alpaca
Create an example of a healthy grocery list a family of four would need for one week.,"A healthy grocery list for a family of four would include fruits and vegetables, whole grains, lean proteins such as chicken, fish, beans, and tofu, dairy products low in fat, nuts, olive and canola oil, and a variety of herbs and spices. Suggested items include apples, oranges, bananas, kale, spinach, whole wheat bread, brown rice, quinoa, salmon, lentils, skim milk, almonds, walnuts, flaxseed, olive oil, canola oil, oregano, basil, garlic, and cinnamon.",alpaca
Create a poem that expresses loneliness.,"I feel so alone in this world,
No one to catch me when I fall,
Sometimes I just want to curl up and disappear,
Away from this bleakness that's everywhere.

No light to help me find my way,
The darkness just keeps growing day by day,
I want to feel loved, I want to feel whole,
But no one knows how much I hurt in my soul.

All I can do is keep pushing on,
Hoping that one day I'll belong,
It's not easy but I must persist,
And never forget that my worth is not a myth.",alpaca
Create a case study of a successful business,"This case study examines the success of Apple Inc., a technology company that designs, manufactures and sells consumer electronics, online services, and computer software. Founded in 1976 by Steve Jobs and Steve Wozniak, Apple has grown from a small startup to one of the most valuable companies in the world. Apple has experienced enormous growth and success due to its disciplined approach to hardware design, development of proprietary software, focus on user experience, and collaborations with other companies. Apple has also developed a strong worldwide brand identity and fan base. As one of the world’s most successful companies, Apple serves as an example of how skillful planning and strategic partnerships can lead to long-term success.",alpaca
Give two examples of data privacy rights,"Two examples of data privacy rights are the right to access one’s personal data and the right to data portability. The right to access personal data gives individuals the ability to request, receive, and review the data that a company has collected on them. The right to data portability gives individuals the right to request that their data be transferred to another data controller. Both of these rights are part of the European Union’s General Data Protection Regulation.",alpaca
Generate a list of five unique project ideas.,"1. Creating an interactive game that simulates the experience of living on Mars. 
2. Developing an application that tracks and alerts users to local environmental issues and encourages environmental stewardship. 
3. Building a neighborhood-level weather monitoring system to improve accuracy and understanding of local conditions. 
4. Developing an algorithm that can generate a personalized podcast playlists based on user-defined interests. 
5. Designing a charitable donation platform with a mechanism to transparently document how funds are used.",alpaca
How would you retrieve specific information from a database?,"To retrieve data from a database you must use an appropriate query language. The most common query language is Structured Query Language (SQL). The language allows you to specify which columns of data you wish to retrieve, and how you want to sort the retrieved data. Additionally, any other criteria you specify, such as a condition for matching data, must be included in the query to get the correct data.",alpaca
Give a specific example of a company that uses machine learning for predictions.,Netflix is one company that uses machine learning for predictions. The company uses machine learning algorithms to generate personalized recommendations for its users based on the movies they have watched in the past.,alpaca
"Change the below sentence to make it more positive:

AI development is difficult and time consuming.",AI development is challenging and rewarding.,alpaca
"If you had $10,000 to invest in a startup, what type of business would you choose?","If I had $10,000 to invest in a startup, I would choose a digital media services business. Digital media services provide businesses with the expertise and tools to reach potential customers on digital platforms. This includes the production of content, web design, marketing, and social media management. Such businesses can be very successful, as they are able to effectively reach and engage their target audiences, driving traffic and sales. Furthermore, the start-up costs of such a business are relatively low and it can easily scale up as demand increases. As such, I believe a digital media services business would be a great investment.",alpaca
Explain why poverty is linked to poor health.,"Poverty is linked to poor health for a variety of reasons. Many people who live in poverty are unable to afford basic necessities such as healthy food, adequate shelter, and medical care, which leads to greater risk of health conditions like obesity and other chronic illnesses. Furthermore, poverty often limits access to education and other opportunities, resulting in less knowledge about healthy habits and higher chances of injury or illness due to environmental factors. Additionally, poorer communities often lack mental health services and resources, which can exacerbate existing health problems.",alpaca
Tell me a story that deals with putting the environment first.,"Once upon a time, there was a small island with a coastline surrounded by crystal blue waters. The island was abundant with remarkable wildlife, beautiful coral reefs and majestic trees that towered over the land. The people of the island lived in harmony with the nature that surrounded them, taking only what they needed and giving back when they could. 

One day, the people of the island noticed the water around them was becoming murky and the coral was starting to dim. They called the elders to discuss what could be done to save their beloved island. After much debate and deliberation, the islanders made a bold decision to put the environment first. They implemented strict policy and launched programs to help care for their island home. 

Thanks to their hard work and dedication, the water in the bay was crystal clear again and the coral was vibrant. The people of the island rediscovered their connection with the nature around them and spread their message to other islands. The people of the island had finally realized that the key to a sustainable future is to put the environment first.",alpaca
Describe the character of Professor Charles Xavier from X-Men.,"Professor Charles Xavier is the leader of the X-Men, a team of mutants with superhuman abilities. He is a powerful telepath, able to read, control and influence the minds of anyone around him. Charles is a wise and compassionate leader who strives to protect the world and help mutants find their place in it. He often comes off as fatherly and trusts in the potential of mutants to make a difference in the world. Charles is well-educated and an accomplished scientist in his own right, which helps him when facing scientific conundrums. But despite his formidable mental abilities, Charles values morality more than victory. He seeks peace between mutants and humans and truly believes that cooperation and understanding are the way forward.",alpaca
"Retrieve the definition of ""networking"" from a reliable source.","According to Merriam-Webster, networking is ""the exchange of information or services among individuals, groups, or institutions; specifically: the cultivation of productive relationships for employment or business.""",alpaca
Name three reasons why economic development is important.,"1. Economic development stimulates economic growth by creating jobs and increasing income levels. 
2. It helps to improve living standards by making healthcare, education and other public services more accessible.
3. It helps to reduce poverty and inequality by creating equal opportunities for all.",alpaca
How can we inspire more people to become coding experts?,"One way to inspire more people to become coding experts is to create a culture of coding. This can be done by teaching coding to all students, regardless of their age or background. This can be through public schools, coding bootcamps, or other educational programs. It is also important to create an environment of support and collaboration where people feel safe to ask questions or get help. Additionally, companies can engage with the coding community in meaningful ways and actively promote coding events and meetups. By connecting with excellent teachers and mentors, people can learn coding with guidance, support, and inspiration.",alpaca
Summarize the societal impact that the printing press had,"The printing press had a major impact on society, leading to an increase in literacy rates, spread of scientific knowledge, and increased sharing of ideas. The rise in literacy allowed for the spread of innovation and ideas, leading to the development of new technologies, arts and sciences, as well as political and religious reforms.",alpaca
Write a comprehensive article about the recent advancements in AI.,"Recent advancements in AI have been tremendous. AI technology is being applied to areas such as healthcare, transportation, and autonomous systems. AI is aiding in faster and better diagnosis and treatment, driverless cars, and autonomous warehouse systems. Machine learning and deep learning have also made progress, allowing AI algorithms to process larger amounts of data. AI technology is also being used to create virtual agents and chatbots that are becoming sophisticated enough to understand complex conversations and help customers quickly find answers. As AI continues to evolve and become more advanced, it is expected to revolutionize the way we work and live.",alpaca
Compute the following equation: 20 + 5 + 7 - 4,28,alpaca
Describe how data mining can be used in marketing.,"Data mining can be used in marketing to uncover patterns and insights hidden in large datasets. This information can be used to better target potential customers, optimize pricing strategies, understand customers better, improve customer service, and create more effective marketing campaigns. Data mining can also be used to analyze customer feedback and product reviews, identify trends and insights, and measure the effectiveness of campaigns.",alpaca
"Edit the following sentence: ""The wind whipped wildly around us.""",The wind whipped fiercely around us.,alpaca
Execute a SQL query to find the names of the customers who have not placed any order.,"SELECT Name FROM Customers
WHERE NOT EXISTS (SELECT * FROM Orders WHERE Customers.ID = Orders.CustomerID)",alpaca
Outline a plan for addressing poverty in your community,"The best way to address poverty in the local community is to ensure that those living in poverty have access to resources that can provide them with the necessary support to obtain and maintain financial stability. This plan should include the following steps: 
1. Create job opportunities for people in the community. This can include offering incentives for businesses to hire local people or connecting individuals with education and job resources. 
2. Establish community access points and services that can provide access to food, housing, childcare, and other resources. 
3. Invest in programs and initiatives that can teach community members how to manage their finances, such as budgeting and the basics of banking.
4. Provide access to healthcare and mental health resources. 
5. Encourage the development of job-training programs and skills that can help people gain new skills they need to enter the workforce.",alpaca
List five different types of users for a website,Five different types of users for a website are: 1. Administrators 2. Moderators 3. Subscribers 4. Normal users 5. Guests,alpaca
"Identify the type of poem written below.

Lonely at night, 
In the cold dark sky.

The stars twinkle so bright, 
A shy nod to goodbye.",This poem is an example of a Haiku. It is an unrhymed poem with a total of 17 syllables written in three lines with the pattern 5-7-5. It is typically written about nature and conveys a sense of tranquility and insight.,alpaca
Make predictions about the future of artificial intelligence.,"AI is expected to make huge strides in the near future, allowing for processes to be automated with greater efficiency and accuracy. It is anticipated that AI will be of tremendous value to many industries, particularly in the areas of health care, education, manufacturing, and transportation. In addition, AI is expected to become more adept in understanding context and making autonomous decisions with little to no human involvement.",alpaca
Create a list of five talking points for a debate about the use of renewable energy.,"- The economic and social benefits of renewable energy compared to traditional energy sources. 
- The technical challenges of expanding renewable energy sources
- The environmental impact of using renewable energy sources.
- The implications of renewable energy sources on job security.
- The obstacles and solutions for implementing renewable energy sources in everyday life.",alpaca
Search online to find 3 interesting facts about milk.,"1. The calcium in milk helps to protect teeth against decay.
2. Milk is believed to be one of the first processed foods.
3. Milk contains the sugar Lactose, which serves as its primary source of energy.",alpaca
Create a conversation between two protagonists using the following characters: a farmer and a chef,"Farmer: Good morning! I've got some fresh vegetables for you today. 
Chef: Wow, that's great! What do you have for me this time? 
Farmer: I've got some tomatoes, beans, and peppers. 
Chef: That sounds perfect. I think I can make something delicious with those vegetables. 
Farmer: I'm sure you can. Let me know if you need anything else! 
Chef: I will. Thanks for bringing over the vegetables!",alpaca
Design an algorithm for analyzing text.,"This algorithm will analyze text by first pre-processing the text to tokenize words and convert to a normalized form. This involves splitting the text into words and normalizing the words to their base forms. Then the algorithm will analyze word relationships in the text to identify important topics, or key phrases. Then the algorithm will use sentiment analysis to determine the sentiment of the text. Finally, the algorithm will use topic modeling and other techniques to group the text into categories and extract insights.",alpaca
List some diseases caused by smoking.,"Smoking is linked to a variety of diseases, including lung cancer, chronic obstructive pulmonary disease, heart disease, stroke, and vision loss. Smoking is also associated with an increased risk of respiratory diseases, such as bronchitis and emphysema, and an increased risk of other diseases, such as diabetes, kidney disease, autoimmune diseases, and certain types of cancer, including breast, ovarian, and prostate cancer.",alpaca
Describe the use of an insurance policy for a person.,"An insurance policy is a financial product that provides protection in the event of a financial loss or unforeseen circumstances. It covers risks associated with life, property, health and investments. By having an insurance policy, the policyholder is provided with financial protection in the event of a death or injury to themselves or their family, or damage to their property. An insurance policy helps people feel more secure and supported in life. It enables people to protect their family and assets and invest their money safely. Having an insurance policy can also provide financial stability when dealing with costly medical procedures, home repairs, and more. It enables people to have peace of mind and feel more secure in their lives.",alpaca
Identify the potential harms of artificial intelligence.,"The potential harms of artificial intelligence include job displacement, privacy concerns, data manipulation, risk of bias and unfairness, and the weaponization of AI systems. Additionally, AI has the potential to increase inequality by widening the gap between the haves and the have-nots, as well as reduce the role of humans in decision-making.",alpaca
"Translate the following sentence into Spanish: ""Can you tell me where the nearest grocery store is?""",¿Puede decirme dónde está el almacén más cercano?,alpaca
"Generate an example of a saying that is related to the proverb ""A stitch in time saves nine"".",Procrastination is the thief of time - act now and save yourself time and energy later.,alpaca
Develop an algorithm to classify fruits.,"This algorithm takes in information about a fruit and classifies it into one of the following categories: citrus fruits, stone fruits, or berries. 

1. Start by asking for the texture of the fruit - is it hard and round (citrus) or soft and juicy (stone and berry)? 
2. Next, ask for the shape - is it round or oval (citrus) or square or oblong (stone)?
3. Then, ask for the number of seeds - is it seedless (citrus) or does it contain multiple seeds (stone and berry)? 
4. Lastly, ask for the taste - is it tart or sweet (citrus) or sweet and juicy (stone and berry)? 

Using this information, the algorithm can accurately classify the fruit.",alpaca
"Change ""This is an easy task"" to the passive voice.",This task is easy to be done.,alpaca
Design an email subject line that encourages an action,Take advantage of our discount now: Act fast to save big!,alpaca
What were the causes of the French Revolution?,"The causes of the French Revolution were largely rooted in the country's economic and social inequalities. The French people were heavily taxed while the privileged class enjoyed their lavish lifestyles. This caused widespread discontent among the peasants, which in turn weakened the power of the monarchy. Additionally, many of the Enlightenment ideas championed by intellectual and social networks had spread amongst the people, leading to the emergence of revolutionary ideals of democracy, liberty, and equality. These ideas further weakened the long-standing power structures and provided the rallying cry for the revolutionaries.",alpaca
Generate a 6 letter word with the first letter 'L',Lavish,alpaca
Compose a list of 10 healthy snacks for a 1-year-old.,"1. Soft applesauce or mashed bananas 
2. Cooked vegetables, such as carrots and sweet potatoes 
3. Plain whole grain crackers 
4. Avocado slices or mashed 
5. Oatmeal or barley 
6. Unsweetened yogurt 
7. Pudding with low-fat milk 
8. Rice cakes 
9. Fruit smoothies 
10. Soft cheese cubes",alpaca
"Create a movie review for ""The King's Speech"".","The King's Speech is an emotionally powerful and inspirational period drama. The performances are outstanding, especially Colin Firth as King George VI, who delivers a remarkable and moving portrayal of a monarch struggling with a life-altering disability. David Seidler's script is detailed, thought-provoking and heartwarming, delving into the struggles of a monarch and a nation on the brink of World War II. The King's Speech also shines in its cinematography and production, creating a world within the walls of Buckingham Palace and in the streets of England during this historical time period. All in all, The King's Speech is a stunning and moving piece of cinema, a must-see for anyone interested in the historical period and performances of its outstanding cast.",alpaca
Collect three facts about the Amazon rainforest.,"The Amazon rainforest occupies an area of 5.5 million square kilometers, spans nine countries, and is home to 10% of the world's species of plants and animals.",alpaca
How would you explain the difference between a novel and a short story?,"A novel is a type of extended prose narrative, typically taking many months or years to write and publishes in book form, while a short story is a brief work of fiction, usually no longer than 10,000 words and published in a magazine, journal, or collection.",alpaca
Creative a paragraph describing a car chase between two drivers.,"The streets were empty and quiet as the two cars raced down the highway. The air was filled with the sound of screeching tires and revving engines. The drivers were both determined to win the chase, darting in and out of traffic and weaving in and out of the lanes. The other drivers on the road were forced to get out of the way as the cars sped past them. The chase went on for miles, until finally one of the drivers was able to lose the other and make their escape.",alpaca
"Describe the concept of ""habitability"" and why architects should consider this","Habitability refers to the livability of a space, or how comfortable and enjoyable it is to live in. This covers everything from structural integrity and air quality to natural light, size, noise level, and access to fresh air. Architects should consider habitability when they design buildings because it not only affects the quality of life for people living or working there, but also contributes to the overall aesthetic of the space. Good design also ensures that buildings are in line with regulations and built to last. Good habitability also encourages people to spend time in the space, since it is physically and psychologically conducive to doing so. In short, architects must factor in all the elements that create a comfortable and livable environment when designing a building.",alpaca
Give me a strategy to increase my productivity.,"A good strategy to increase productivity is to create a plan and schedule for your day and stick to it. Plan out your tasks and prioritize the most important ones. Estimate the amount of time each task will take and set deadlines for yourself. Take regular breaks and have an end time for the day, and try to stick to it.",alpaca
Compare and contrast the Democratic and Republican parties.,"The Democratic Party is generally seen as more socially progressive and advocating for social justice, while the Republican Party is traditionally more conservative and supports limited government, free markets and personal responsibility. Both parties support strong national defense, yet disagree on how it should be achieved. The Democratic Party generally favors a tax system that is more progressive and supports the idea of government welfare, while the Republican Party is more focused on reducing taxes and government spending.",alpaca
Generate a sentence using at least six words beginning with the same letter.,"Surrealistically, she smiled sweetly, snuggling silently while sleeping soundly.",alpaca
"For the following passage, identify the tone expressed by the author: 

The darkness of the night was oppressive, the air was thick with fear.",The tone expressed by the author in this passage is fear and unease. The description of the darkness and oppressive air creates a sense of terror and foreboding.,alpaca
Which popular payment methods are available at most magento stores?,"Most Magento stores accept popular payment methods, such as PayPal, credit cards, Apple Pay, Google Pay, and Android Pay.",alpaca
Create a story about a person who discovers a talent they didn't know they had.,"Alice had always been an average student with no real talents or interests. She was content with her life, but with no hobbies or passions to speak of, her days were somewhat dull and uninspired. This all changed one day, when Alice was cleaning out the attic of her family's house. She happened to find a box full of old art supplies and suddenly felt an urge to pick up a brush and start painting.

To her own surprise, Alice discovered she had a hidden talent for creating beautiful works of art. She began to spend more and more time in the attic, experimenting with different media and techniques. With time and practice, she found a passion she hadn't known existed, and soon she was producing vibrant and evocative pieces of artwork. 

Alice was amazed at her own transformation. She felt more fulfilled and energetic than ever before, and she had art to thank for it. She started entering her works into exhibitions and competitions, and was even awarded a few honorable mentions. 

Alice had finally found her true passion and it had all happened by chance. She felt grateful for the unexpected gift of discovering her hidden talent.",alpaca
Create an app feature for a student,"The app could feature a personalized calendar for each student, allowing them to easily track when assignments and exams are due, as well as due dates for any other important events. The calendar could be color coded according to class and course, and could send reminders for upcoming assignments and exams. The reminders can be sent either via email or push notifications to ensure the student doesn't miss any important dates. Of course, the app could also feature other features, such as a grade calculator, a calendar view of classes and events, and more.",alpaca
Come up with 3 tips for writing effective dialogue.,"1. Keep dialogue concise and to the point. Use as few words as possible to get your point across. 
2. Every character should have a unique speech pattern and vocabulary, based on their background and personality.
3. Dialogue should help to develop your characters and advance the plot. Avoid meaningless banter and exchanges that don’t contribute to the story.",alpaca
Give me some ways to solve traffic congestion.,"-Provide incentives to encourage people to use public transportation.
-Implement carpooling programs.
-Construct new roads, widen existing ones, and improve road infrastructure.
-Invest in traffic control technologies such as smart traffic lights and real-time traffic monitoring systems.
-Introduce laws to regulate parking and promote alternatives such as bike lanes and sidewalks.
-Charge motorists for using congested roads during peak times.",alpaca
Describe the prevalence of smartphone usage in the United States,"In the United States, smartphone usage is very widespread. According to Pew Research Center, over 77% of Americans owned a smartphone in 2019. Smartphones are becoming an increasingly important part of everyday life for Americans, with people using them to stay connected with family and friends, read the news, do shopping, stay on top of their finances, and for entertainment. They are also used for professional tasks such as communication and collaboration. As the prevalence of smartphones continues to rise, it is likely to become even more deeply embedded in people's daily lives.",alpaca
Compare and contrast the differences between high-end and low-end cars.,"High-end cars are typically more expensive, have longer lifespans, more advanced safety features, greater performance and more luxury features than low-end cars. Low-end cars are cheaper, have lesser safety features, which is why they tend to wear out more quickly and have more basic performance. High-end cars also have higher levels of fuel efficiency than low-end cars. In terms of luxury features, high-end cars have more comforts, bigger and better sound systems, as well as navigation and entertainment systems, while low-end cars tend to overlook such features.",alpaca
Create a web page to display a portfolio.,"A web page to display a portfolio needs several elements. The page should have a brief introduction of who made the portfolio, a list of the portfolio items, including details on each item such as project name, media type, technologies used, and live links to the items. A brief description of the portfolio and its purpose should also be included. The page should also feature a contact form to send a message to the portfolio owner.",alpaca
You want to recommend a popular online streaming service to a friend.,"Netflix is one of the most popular streaming services. It offers lots of original content and is known for having a great selection of movies and TV shows. It also offers a free 30 day trial and offers a variety of plans. You can also access it on a variety of devices, making it an excellent choice for streaming.",alpaca
Write a short narrative from the perspective of a person whose hobby is collecting stamps.,"My passion for collecting stamps started when I was 8 years old. My father had given me my first stamp collection and I soon became obsessed with the variety of colors, designs and stories that each stamp contained. I started to research the histories and stories of each stamp in order to find out more information and uncover secrets behind them. I slowly expanded my collection, always on the hunt for unique and hard to find stamps. I felt proud when I was able to find one that I was missing from my collection from a far away place. With each new stamp I collected, I felt a sense of accomplishment and joy. Collecting stamps has been a hobby that I will never tire of discovering and learning more about.",alpaca
Identify three elements of a good elevator pitch.,"A good elevator pitch should include the following three elements: an introduction of yourself, a description of what you do, and a clear statement of your objectives.",alpaca
Calculate how many kilometers 5 miles is.,5 miles is approximately 8.04672 kilometers.,alpaca
Create a poem that has a connection with nature.,"The world outside is so alive,
A bustling playground full of light.
Every flower, every creature, every tree,
An incredible, magical sight.

Trees offer shelter, soil and wood,
A source of fuel, food and shade.
Generous gifts of nature,
Plant growth and beauty is made.

The birds and animals, the insects too,
Morph the atmosphere, a rainbow of view.
The sounds of nature, the rustling of leaves,
The gems all around, simply can't be believed.

Our world is so magical, so often unacknowledged,
It's time to appreciate what is truly magic.
A powerful connection that we must never ignore,
Before our world's beauty is forever no more.",alpaca
Name two cities in the United States that were the first to pass legislation banning plastic bags.,"The two cities in the United States that were the first to pass legislation banning plastic bags were San Francisco, California and Washington, D.C. in 2007. San Francisco prohibited the use of non-recyclable plastic bags in supermarkets and large retail pharmacies, while Washington, D.C. required retailers to impose a five-cent fee on all disposable carryout bags.",alpaca
Create a visual representation of the climate change impacts on the Arctic,<nooutput>,alpaca
Name two possible solutions to reduce the effects of global warming.,Two possible solutions to reduce the effects of global warming are reducing carbon emissions through energy efficiency and utilizing renewable energy sources.,alpaca
Compare and contrast the differences between the four Greek goddesses.,"Hera, Athena, Aphrodite, and Demeter are four of the most important goddesses in Greek mythology. Hera was the goddess of family and marriage, while Athena was the goddess of wisdom and warrior skills. Aphrodite was the goddess of beauty and love, while Demeter was the goddess of harvest and fertility. All four goddesses were very powerful and had unique traits, but there were some similarities between them. For example, all four goddesses were associated with their respective domains and they all had influence over their own areas. Despite this, they had distinctly different personalities. Hera was known for her temper and fierceness, whereas Athena was known for her rationality and intelligence. Aphrodite was known for her beauty and sensuality, while Demeter was known for her kindness and nurturing nature.",alpaca
Give five tips that would help someone to become a better listener,"1. Look the other person in the eye while they are speaking. 
2. Don't talk too much. Give the other person a chance to talk and express their thoughts.
3. Focus on understanding the other person's point of view instead of focusing on what you are going to say in response.
4. Don't disregard the feelings of the other person. Show respect for their thoughts and feelings even if you don't agree with them. 
5. Take notes and ask questions where appropriate. This will help you remember what was said and demonstrate to the other person that you are genuinely interested in what they are saying.",alpaca
Generate a design concept for a website that focuses on sustainability.,"The website will feature a minimalist design aesthetic with a neutral color scheme in shades of green and blue. At the top of the page will be an interactive map of the world, highlighting areas that are working towards sustainability efforts and offering users the opportunity to learn more about them. The homepage will showcase news articles, events and tips on how to contribute to sustainable initiatives at home.",alpaca
List four factors that influence the solubility of a substance in a solvent.,"The four factors that influence the solubility of a substance in a solvent are temperature, pressure, the polarity of the solvent and the nature of the solute.",alpaca
How can doctors use AI to improve the healthcare system?,"AI can help doctors improve the healthcare system in many ways. For example, AI can be used to diagnose and treat complex medical cases, prevent disease outbreaks and diagnose emerging diseases far faster than traditional diagnostic methods. AI can also help doctors identify patients at risk of developing chronic diseases and provide preventative care. Furthermore, AI can be used to improve patient safety by automating administrative tasks and helping doctors keep track of patient data and medications. Finally, AI can help streamline the healthcare system by reducing unnecessary tests, speeding up appointment scheduling, and helping doctors come up with more accurate diagnoses.",alpaca
Convert the currency conversion rate of USD to CAD.,The current currency exchange rate for U.S. dollar (USD) to Canadian dollar (CAD) is 1 USD to 1.3637 CAD.,alpaca
Create a 5-minute workout routine.,"This 5-minute workout routine consists of five exercises:
1. High Knees – 20 seconds
2. Pushups – 20 seconds
3. Squats - 20 seconds
4. Plank – 20 seconds 
5. Mountain Climbers – 20 seconds 
The routine is to be repeated twice for a total of five minutes.",alpaca
Name a movie with a scorpion in it,"The movie ""The Scorpion King"" starring Dwayne Johnson.",alpaca
Describe the benefits of taking tennis lessons.,"Taking tennis lessons can be an excellent way to improve your game, as the instructor can provide valuable advice on the proper stroke technique, footwork, and tactics applied in a match. Additionally, teaching professional can provide mental coaching that allows you to better manage your emotions during a match and even extend your playing career by helping to prevent or heal injuries.",alpaca
Create a chart outlining the world's population from 2000-2015.,"| Year  | Population  |
|---|---|
| 2000   | 6.0 billion  |
| 2005  | 6.5 billion  |
| 2010  | 7.0 billion  |
| 2015  | 7.3 billion  |",alpaca
Generate a general statement about the importance of empathy.,"Empathy is essential for fostering meaningful relationships, deepening understanding between people, and building a more compassionate world.",alpaca
"Create a pattern for the following words: ""Jump, Skip, Hop"".","Jump, Skip, Hop, Jump, Skip, Hop.",alpaca
Create a 3-sentence story about a brave knight and a dragon.,"Once upon a time, there was a brave knight who had the courage to face a dragon. He bravely charged at the dragon and managed to slay the beast with his sword. The kingdom celebrated the knight's heroic victory over the dragon and rewarded him generously.",alpaca
How can students stay motivated while learning?,"Students can stay motivated while learning by setting goals, breaking down tasks into smaller chunks, engaging in active learning, rewarding themselves for accomplishments, taking breaks, and by seeking out support from friends and family. Students should also take the time to reflect on their progress and plan for how to move forward. Finally, embracing challenges and striving for growth can also help to keep students motivated.",alpaca
Name a vehicle that is environment-friendly.,An electric car is an environment-friendly vehicle as it does not emit any pollutants.,alpaca
Write a sentence that explains what data normalization is used for,"Data normalization is used to transform variables into a common scale, allowing them to be compared and processed easily by machine learning algorithms.",alpaca
Generate a conversation between two people about a new movie.,"Person 1: Have you heard about that new movie that is coming out?
Person 2: I sure have! I can't wait to see it. What do you know about it?
Person 1: Well, I heard it's a science fiction movie set in the future.
Person 2: Wow, that sounds really cool. Did you hear who is in it?
Person 1: Yeah, I think I saw it was starring Brad Pitt and Keira Knightley.
Person 2: I'm definitely going to have to check it out.",alpaca
Write a CV for a web developer.,"John Smith
Web Developer 

Summary
Data-oriented and highly experienced Web Developer with a passion for creating innovative user experiences. Skilled in HTML, CSS and JavaScript development. Experienced in developing for W3C standards and creating dynamic, interactive websites. Adept at problem-solving from a technical and creative perspective.

Experience
- Developed front-end and back-end Web applications built on Node.js and React platforms. 
- Implemented user interface designs that achieved W3C compliance. 
- Worked with design, marketing and IT teams to define, develop and maintain web-based applications and websites. 
- Optimized client websites for speed and cross-browser compatibility. 
- Developed and maintained HTML, CSS and JavaScript code for various web development projects. 
- Researched new technologies, industry trends and development tools to explore new possibilities.

Education
Bachelor of Science, Computer Science 
University of California, San Diego 

Skills 
- HTML/CSS
- JavaScript/jQuery
- React
- Node.js
- W3C Standards 
- Cross-Browser Compatibility 
- Graphic Design 
- Agile Methodologies",alpaca
Come up with five questions about the BP oil spill for a trivia game.,"1. In what year did the BP oil spill occur? 
2. How many gallons of oil leaked in to the Gulf of Mexico due to the BP oil spill? 
3. How long did it take to contain the BP oil spill? 
4. What are the two main causes of the BP oil spill? 
5. What stretch of coastline was impacted by the BP oil spill?",alpaca
Name an important figure in the history of computing.,Alan Turing,alpaca
Name three famous paintings by Pablo Picasso.,"Three famous paintings by Pablo Picasso are Guernica, The Weeping Woman, and Les Demoiselles d'Avignon.",alpaca
Describe a nature park located in the United States.,"Yosemite National Park is located in the western parts of the United States and spans across both California and parts of Nevada. The park consists of seven different ecosystems, including forests, meadows, rivers and lakes, and two large granite rocks, Half Dome and El Capitan. A key highlight of the park is its waterfalls, including the iconic Yosemite Falls, that cascade down hundreds of feet, creating a truly breathtaking, natural spectacle. Additionally, the park is home to a wide array of wildlife, such as bears, foxes, deer and much more.",alpaca
Generate a new idea for a form of art.,An interactive and modern form of art where technology is used to create interactive installations and sculptures that use lighting and sound to react to movements and respond to people's actions and emotions.,alpaca
Design the user interface for a payment processing website.,"The user interface for the payment processing website should be simple and user-friendly. It should consist of a main page with navigation buttons that allow users to access different features. At the top of the page, a search bar should be included to allow users to quickly find relevant information. The main page should also include a list of the available payment options, along with descriptions of each option. On the side of the page, there should be a live chat system that allows customers to quickly and easily ask questions and get help from customer service. Finally, a help section should be included at the bottom of the page to provide more detailed explanations and troubleshooting advice.",alpaca
How does public transportation help in decreasing air pollution?,"Public transportation helps decrease air pollution by reducing the number of cars on the road and the amount of emissions they produce. Mass transit vehicles such as trains and buses emit fewer pollutants than individual cars, and they are more efficient in terms of fuel usage. Public transportation also encourages people to decrease the amount of time they spend in their cars, which decreases the amount of fuel used. Additionally, by consolidating passengers into fewer cars, public transportation reduces traffic congestion which also decreases the amount of pollution created by cars.",alpaca
How long did World War I last?,"World War I lasted from 28 July 1914 to 11 November 1918, a total of 1,566 days.",alpaca
Compare search engine optimization (SEO) and search engine marketing (SEM).,"Search engine optimization (SEO) and search engine marketing (SEM) are both techniques used to increase visibility on search engine result pages (SERPs). SEO works to increase the visibility of a website’s content on SERPs organically, while SEM is a paid approach that increases visibility through ads, campaigns, and other marketing strategies.

SEO focuses on optimizing a website’s architecture, content, backlinks, and more to make the website appear higher in organic search rankings. SEM can work alone or in tandem with SEO to increase visibility by targeting certain keywords that potential customers are searching for. Both approaches require research to determine the right keywords and phrases, and also require continual optimization to remain competitive.

In conclusion, SEO and SEM are both strategies used to increase visibility on SERPs. SEO focuses on organic ranking while SEM is a paid form of search engine advertising. Therefore, businesses should consider using both strategies.",alpaca
Brainstorm two marketing strategies for a new shoe company.,"Strategy 1: Partner with popular influencers to promote and advertise the shoes. 

Strategy 2: Launch an online store to increase customer reach and introduce seasonal discounts to incentivize customers to buy.",alpaca
What is the current exchange rate of US dollar to Japanese yen?,The current exchange rate of US dollar to Japanese yen is 109.25 yen to 1 US dollar.,alpaca
Cite a quote from a famous person about courage.,"""Courage is not the absence of fear, but rather the judgement that something else is more important than fear."" - Ambrose Redmoon",alpaca
"Classify the following sentence: ""I love the smell of coffee in the morning""","The sentence ""I love the smell of coffee in the morning"" is an expression of affection.",alpaca
Generate an expository paragraph about the topic of global warming.,"Global warming is one of the most pressing environmental issues of our time. It is caused by the excess release of carbon dioxide, methane, and other greenhouse gases into the atmosphere which trap heat, leading to an overall rise in global temperatures. The resulting consequences are immense and far-reaching, from Arctic ice melting to rising sea levels to increasingly frequent and violent storms. To limit the effects of climate change and global warming, it's important to reduce our collective carbon footprints by making sustainable lifestyle changes, such as limiting energy usage, driving less, and eating more plant-based foods.",alpaca
Create a timeline of evolution over the last 3 million years.,"3 million years ago: Homo habilis emerges as the earliest known species of Homo.
2.6 million years ago: Homo erectus appears and migrates out of Africa.
~800 000 to 200 000 years ago: Homo sapiens emerges in Africa.
120 000 years ago: Homo sapiens start to migrate out of Africa.
50000 to 10000 years ago: Homo sapiens settle in Eurasia and Americas.
5000 years ago: Agicultural revolution occurs.
3000 to 2000 years ago: Rise of cities and organized states.
1750 to 1900 years ago: Industrial revolution and rapid development of technology and science.",alpaca
Write a function for shuffling a deck of cards,"def shuffle_deck(deck):
    shuffled_deck = []
 
    while len(deck) > 0:
        index = random.randint(0, len(deck) - 1)
        shuffled_deck.append(deck.pop(index))
 
    return shuffled_deck",alpaca
Who visited London this summer?,"Many tourists visited London this summer, including celebrity couple Kim Kardashian and Kanye West.",alpaca
Describe a use case for an AI virtual assistant.,"An AI virtual assistant can be used in a variety of ways. For example, it could be used to assist customers within customer service or sales centers, with tasks such as answering frequently asked questions, providing personalized recommendations, or booking appointments. AI assistants can also be used to provide customers with a more tailored and personalized experience by understanding their needs, preferences, and behaviors. AI assistants could also be used to automate complex, time-consuming tasks in the workplace, such as scheduling meetings, responding to customer inquiries, or managing data entry. AI assistants could also be utilized for entertainment purposes, such as music streaming services or providing audio-based news.",alpaca
Make a list of elements from Group 16 of the periodic table.,"Group 16 of the periodic table comprises of oxygen, sulfur, selenium, tellurium, and polonium.",alpaca
Suggest a legendary superhero and explain why they are considered legendary,"One of the most legendary superheroes is Batman. He is considered legendary because of his power, his bravery, and his willingness to help others. He is a vigilante and a symbol of justice that is willing to protect the people of Gotham City from crime. His role as a mentor to sidekicks such as Robin and Nightwing is also another factor that makes people admire him. He is willing to put his own life at risk to protect the innocent, and his no-nonsense attitude makes him someone people look up to.",alpaca
Tell me about Coca Cola,"Coca-Cola is a carbonated soft drink manufactured by The Coca-Cola Company. It was first introduced in the United States in 1886 and is now sold in over 200 countries. Its primary flavor is derived from corn syrup, with natural and artificial flavorings also added. Coke is one of the world's most recognizable brands and is most associated with the color red.",alpaca
Name a machine learning problem that can be solved using neural networks,"Neural networks can be used to solve a variety of machine learning problems, including image recognition, natural language processing, speech recognition, object detection, and sentiment analysis. Neural networks can also be used to classify text and images, predict user behavior, process time series data, generate new data, and recommend products.",alpaca
How does one add a chart to a document?,"In order to add a chart to a document, you first need to decide what type of chart you would like to use. There are different types of charts, such as bar charts, line charts, bubble charts, etc. After selecting the type of chart, you then need to identify your data, generate the chart, and then insert it into the document.",alpaca
Create a marketing plan for reaching a young adult demographic,"Start with a research-led approach to the target demographic. Assess the current strategy’s effectiveness and identify areas to improve upon. Develop an engaging campaign tailored to the target demographic. Invest in influencer marketing campaigns as well as digital and social media campaigns. Utilize analytics to measure the success of the campaign, analyze feedback, and to be proactive in responding to any challenges.",alpaca
Pretend you are a bot. Come up with a reply to introduce yourself in a friendly way.,"Hi, I'm a bot! It's nice to meet you. I'm here to help answer your questions and provide assistance.",alpaca
Name a recent global event that affected the world.,The Covid-19 pandemic is a recent global event that has affected the world.,alpaca
Generate example savings account website reviews.,"I recently opened a savings account with my bank and it has been great! The customer service is friendly and responsive, the online banking system is easy to use, and I love the interest rates. I highly recommend this savings account: great customer service and great value! 

Opening a savings account with my bank has been a great experience. Their customer service is excellent, and their online banking makes it easy to keep track of my money. Plus, the interest rates are great and their fees are reasonable. Highly recommended! 

I'm so glad I decided to open a savings account with my bank. Their customer service is top-notch, their bank website is easy to navigate, and the interest rate is fantastic! I couldn't be happier with my choice. Highly recommended!",alpaca
Describe the role of a doctor in a hospital.,"A doctor's role in a hospital is to diagnose and treat health conditions, provide preventive care, and oversee medical procedures. Doctors will often consult with other healthcare professionals such as nurses and specialists before making a diagnosis or prescribing a treatment. They are also tasked with educating patients on the risks and benefits of their treatments and keeping them informed of their overall health and progress.",alpaca
"Arrange the words in alphabetical order: birthday, mother, June.","Birthday, June, Mother.",alpaca
Arithmetic exercise. What is the number 16 divided by 4?,The result of 16 divided by 4 is 4.,alpaca
Name three ways to optimize a website for search engine rankings.,"Three ways to optimize a website for search engine rankings are keyword research, optimizing page titles and meta descriptions, and creating high-quality content that is relevant to the topic. Additionally, creating a user-friendly website design, building backlinks, and optimizing page speed are also helpful in optimizing a website for search engine rankings.",alpaca
Generate a list of 4 text attributes,"1. Font size
2. Font weight
3. Line height
4. Font color",alpaca
Design a web page with 5 navigation items,"The website will contain a navigation bar with 5 items: Home, About, Services, Blog, and Contact. 
The Home page will have a hero image, an overview of the company, and an image gallery.
The About page will have a brief biography of the company, a list of core values and services, and customer testimonials.
The Services page will have a list of services offered and pricing information.
The Blog page will have a list of blog posts, a search box, and a categories list.
The Contact page will have a contact form, an address and map, and links to social media accounts.",alpaca
Name two common types of friendships,The two common types of friendships are platonic and romantic.,alpaca
Create a command to make the assistant talk with a British accent.,"""Talk in British accent""",alpaca
Show me a way to choose a digital camera.,"Here are some helpful tips for choosing a digital camera: 
1. Define your needs: Depending on the type of photography you will be doing and the budget you have to work with, determine the features you need in a digital camera such as the type of lenses, sensor size, Megapixels, image stabilization, shooting modes, etc. 
2. Check the camera's specs: Research the spec sheets of the camera models you’re interested in, paying particular attention to the sensor size, lens capabilities, and battery life. Also decide whether you need a point and shoot camera, or an interchangeable lens camera. 
3. Test the camera: Once you have narrowed your selection to a few models, try to test them at a store to compare the image quality, autofocus speed, and handling. 
4. Read the reviews: Look at reviews written by real users to get a better sense of the camera’s capabilities and limitations. 
5. Compare the prices: Compare the prices of the camera you have chosen, and don't forget to include the cost of accessories such as memory cards and lenses, when making your budget.",alpaca
Make a list of 5 items an artist might need in their art studio.,"- Sketchbook 
- Brushes
- Paints 
- Canvases 
- Drawing / Painting Utensils",alpaca
What constitutes a true friendship?,"A true friendship is based on trust, loyalty, understanding, support, respect, honesty, acceptance, and the ability to be there for each other no matter what.",alpaca
What day of the week does Mother's day usually occur on?,Mother's Day typically falls on the second Sunday of May.,alpaca
Name and define three kings of classification.,"1. Binary Classification: Binary classification is the process of classifying an item into one of two predefined categories. Examples include determining an image as either a cat or a dog.

2. Multi-class classification: Multi-class classification is the process of classifying an item into one of more than two predefined categories. Examples include determining the species of a plant or animal.

3. Multi-label classification: Multi-label classification is the process of classifying an item into multiple predefined categories. Examples include identifying the genre of a piece of literature or the moods portrayed in a photograph.",alpaca
In which year did the Roman Empire collapse?,The Roman Empire collapsed in the year 476 CE.,alpaca
Describe how Naive Bayes works for classification.,"Naive Bayes is a supervised machine learning algorithm which is used for classification. It is based on Bayes' Theorem which states that the probability of an event given some background information is the product of the probability of the event occurring and the probability of the background information being true. The “naive” part of the algorithm comes from its assumption that the different features of the data are independent of each other. This simplifies the calculations and makes the algorithm more efficient. The algorithm is first trained using labeled data, and it then uses Bayes' Theorem to calculate the probability of an unseen data point belonging to a certain class. The data point is then classified according to the maximum probability.",alpaca
Generate a Python program to print the sum of first 25 natural numbers,"sum = 0
for i in range(1,26):
  sum = sum + i

print(""The sum of the first 25 natural numbers is:"", sum)",alpaca
Name three emotions that are conveyed through facial expressions.,"Joy, anger, and surprise are three emotions that can be conveyed through facial expressions. Other emotions such as fear, sadness, disgust, and contempt may be expressed as well.",alpaca
What are the five countries with the highest GDP in the world?,"The five countries with the highest GDP in the world are the United States, China, Japan, Germany, and India.",alpaca
Write a short poem about nature.,"The beautiful sky a symphony of blue,
Nature's wonders always in view.
Trees and flowers, how they fill the air,
Our planet's marvel, for us to share. 
A gentle breeze, bringing life anew,
For in nature, what a brave and true view.",alpaca
Describe the process of purchasing a car starting with research:,"For anyone looking to buy a car, the process should start by doing research. Learn about different models, features, and options. Then, create a budget to determine the type and cost of a car that fits the needs and budget. Visit dealerships to examine and test drive potential cars, and then compare prices and offers from different dealers. Make sure to read all of the terms carefully, and if necessary, consult a mechanic to get an independent review. Finally, consider the costs associated with owning a car, such as insurance and yearly taxes before signing any paperwork.",alpaca
You have been assigned to create a commercial for a new restaurant. What are some key elements the commercial should include?,"A commercial for a new restaurant should include key elements such as the restaurant's name and logo, a brief description detailing the type of food and atmosphere, creative visuals showcasing the restaurant's interior design, and appealing promotions and specials that will entice customers. It should also include customer testimonials, so potential customers can gain insight into the experience of dining at the restaurant. Lastly, the commercial should finish by giving customers information on the restaurant's hours, location, and contact information.",alpaca
"Translate the sentence ""El gato está en la mesa"" into English.",The cat is on the table.,alpaca
How can businesses use AI technology to improve their marketing efforts?,"Businesses can use AI technology to improve their marketing efforts by leveraging AI-powered tools to automate and personalize their marketing efforts. AI can be used to analyze customer data such as purchase habits and interests in order to better target customers with relevant offers. AI-powered marketing tools can also automate customer segmentation, dynamic pricing, and cross-sell and up-sell campaigns, making marketing efforts more effective. In addition, AI-powered chatbots can provide automated customer support, reducing customer service costs.",alpaca
Explain the concept of impostor syndrome.,"Impostor syndrome is the feeling of being a fraud or not measuring up to others, despite having achieved success in one's field. It is characterized by feelings of self-doubt, fear of failure, and avoidance of success. People with impostor syndrome may downplay their successes, attribute them to external factors, and attribute their failures to their inability or lack of intelligence.",alpaca
Sort American states by population.,"The most populous U.S. states, in order, are California, Texas, Florida, New York, Illinois, Pennsylvania, Ohio, Georgia, North Carolina, Michigan, New Jersey, Virginia, Washington, Arizona, Massachusetts, Tennessee, Indiana, Missouri, Maryland, Wisconsin, Minnesota, Colorado, South Carolina, and Alabama.",alpaca
Create an equation to represent the following phrase: the sum of twice a number and six.,2x + 6,alpaca
Find and describe a quick fix for a leaky faucet,"A quick fix for a leaky faucet is to replace the rubber washer. Washers are available at most hardware and plumbing stores and can be replaced by unscrewing the handle of the faucet and removing the stem. Once the stem is removed, the old washer is taken out and replaced with a new one.",alpaca
Generate a joke involving a pair of scientists.,"Two scientists walk into a bar. The first one says, “I’ll have some H2O.” He looks over to the other scientist and says, “I don’t know, he’s not talking.”",alpaca
How could the impacts of autonomous robots be minimized?,"The impacts of autonomous robots could be minimized by creating policies to regulate their use and development, such as regulations limiting the types of data that can be collected, as well as specific rules for the operation and maintenance of robots. Additionally, the development of robots should involve careful consideration of their potential impacts on employment, wages, and the environment. Finally, governments should also invest in training and education to ensure that workers are prepared for the jobs that will be created as a result of this technology, as well as to provide support for those who may be adversely affected.",alpaca
Name the biggest ocean in the world.,"The Pacific Ocean is the largest ocean in the world, covering approximately one-third of the Earth's surface.",alpaca
How did the end of World War II affect British women?,"The end of World War II had a significant impact on British women. After the war, there was an increase in the number of women in the workforce due to the need for more laborers to recover from the war. This allowed women to gain more independence and financial stability, as well as a greater sense of self-respect and accomplishment. Furthermore, the women's rights movement grew during this period, spurred on by the newfound sense of independence many women experienced.",alpaca
Generate a conversation between two friends about the latest Barca match.,"Friend 1: Hey, did you watch the Barcelona game last night?
Friend 2: Yeah, it was amazing! Barcelona scored three goals in the last ten minutes to come from behind and win the match. Their offense was incredible.
Friend 1: Yeah, I'm so glad they won! I was really worried they wouldn't be able to come back.
Friend 2: Me too! It was an amazing comeback.",alpaca
Describe the immigration process to the US.,"The immigration process to the US involves three main stages: applying for a visa, attending an interview at a US embassy or consulate, and applying for a green card or other immigration status. The visa application requires filling out an online form, submitting documents and financial information, and attending an appointment for biometric testing. The visa interview at the embassy or consulate typically involves questions about the applicant's background and circumstances as well as providing additional documents. Finally, the green card application requires submitting a specific form, necessary documents and a filing fee.",alpaca
"Link the following words so that the words know each other: monkey, elephant, giraffe.","The monkey knows the elephant, and the elephant knows the giraffe.",alpaca
"Provide a sentence for the phrase ""learning curve"".",He was faced with a steep learning curve in understanding the new software.,alpaca
Describe the application of the concept of 'Economies of Scale'.,"Economies of scale refers to the cost advantages that a business can achieve by producing a larger quantity of a product. It means that the cost of producing one unit of a product decreases as the quantity increases due to reduction in the cost of materials, equipment, labor and other related expenses.",alpaca
Describe the nutrition information for a banana.,"A banana is a nutrient-dense fruit, providing vitamins and minerals such as Vitamin C, Potassium, Magnesium, Copper, phosphorus, and manganese. It is also a good source of dietary fiber, containing approximately 3 grams per medium-sized banana. Along with the vitamins and minerals, a banana provides approximately 110 calories and contains 16.3 grams of total carbohydrates.",alpaca
Write a song about someone with a broken heart.,"Verse 1:
My heart was free and open, ready to love
But the pain of what happened is enough
So I'm feeling so broken, ripped up in two
The world's an empty place, I wish that it wasn't true

Chorus:
And I can't stand to think of what I've lost
My broken heart is something that I can't put a cost
But I'm hoping and wishing, and believing I'll heal
And I'll come out of this better, I know that it's real

Verse 2:
I know I must heal, I'll take it one step at a time
For now I'm feeling sorrow for what once was mine
Still I've grown stronger, it's just another part of me
Though my heart will never be the same, it will eventually set me free

Chorus:
And I can't stand to think of what I've lost
My broken heart is something that I can't put a cost
But I'm hoping and wishing, and believing I'll heal
And I'll come out of this better, I know that it's real

Bridge:
And though my heart is broken, I still have my soul
The lessons I've learned, they'll shape the person I'll be
And I'll get through this pain, it's not the end of my life
So I'll keep searching until I find the light

Chorus:
And I can't stand to think of what I've lost
My broken heart is something that I can't put a cost
But I'm hoping and wishing, and believing I'll heal
And I'll come out of this better, I know that it's real",alpaca
Summarize the key benefits of eating a healthy diet.,"Eating a healthy diet provides numerous benefits, such as better energy levels, improved heart health, stronger bones, lower risk of disease, and increased physical and mental wellbeing.",alpaca
Explain what is meant by a recursive function.,"A recursive function is a function that calls itself, allowing it to solve the same problem over and over with different inputs. This type of function is useful for solving complex problems because it breaks them down into simpler sub-problems that can be reused. Recursion can be used to traverse a tree structure, solve mathematical problems, and other tasks that require breaking down a problem into smaller parts.",alpaca
What are the most important elements of a successful company?,"The most important elements of a successful company include strong leadership, a clear vision and mission, a focused strategy, an efficient organizational structure, effective communication, and high-quality products and/or services. A successful company also should maintain good relationships with its customers, suppliers, and employees.",alpaca
Generate an encryption protocol,"An encryption protocol should consist of an authentication process, a cryptographic method, a key exchange protocol, and an authentication protocol. The authentication process should verify that the data being exchanged is from a trusted source. The cryptographic method should provide privacy and authenticity of the contents. The key exchange protocol should securely transport a key used to encrypt the data. The authentication protocol should ensure the data wasn't modified in transit.",alpaca
Create a party menu for a summer cookout.,"- Grilled steak with house-made garlic butter
- Marinated chicken skewers
- Classic coleslaw
- Fire-grilled corn on the cob with a lime butter glaze
- Baked beans with bacon and crispy onions
- Summer fruit salad topped with raspberry dressing
- Garlic bread 
- Chocolate brownie ice cream sundae",alpaca
Tell me a story about two best friends,"Once upon a time there were two best friends, Jack and Jill. Jack was brave and strong, while Jill was clever and kind. They were always there for each other, no matter what. One summer, they went on a grand adventure together. They hiked through the woods, swam in the river, and even tested their courage by going camping in the dark. They shared it all and made memories to last a lifetime. They were inseparable, just like true best friends should be.",alpaca
Describe a job interview,"A job interview is a meeting between an applicant and a potential employer, typically focusing on the applicant's skills, experience, qualifications, and the job they are applying for. It is important to be prepared and present yourself professionally, as the potential employer will decide if you are the right fit for the job based on their impression of you. It is also important to be honest and provide accurate information.",alpaca
Determine the probability that a random 4-digit number chosen from 0 to 9999 is divisible by 11.,The probability that a random 4-digit number chosen from 0 to 9999 is divisible by 11 is 0.0909.,alpaca
Suggest a topic for a research paper about artificial intelligence.,The Impact of Artificial Intelligence on Society and Politics.,alpaca
"Convert the text ""3.14"" to a number.",3.14 (as a number),alpaca
Design a web page showing the temperature of a city.,"The design should contain a banner showing the name of the city and its current temperature, as well as a graph depicting the temperature of the city over the past 24 hours. The user should also be able to select different cities to view their temperature. Additionally, there should be an area showing a seven-day forecast with icons representing the expected weather.",alpaca
Create a speech that explains why everyone should recycle.,"Good morning everyone. I'm here today to talk to you about why we should all be recycling. Recycling helps to protect our planet by reducing the amount of waste that is sent to our landfills. It also help conserve the materials that are already in our environment, like timber and metals. Additionally, recycling can help to create employment opportunities and contribute to our economy. And lastly, it can help to reduce our reliance on natural resources and reduce greenhouse gas emissions, which are contributing to global warming. In short, recycling helps protect our planet and its inhabitants. So let's do our part and make sure that we are all recycling to help preserve our planet for future generations. Thank you.",alpaca
Imagine a character that is the opposite of a typical superhero and create a backstory for this character.,"Billy was an ordinary kid, until the day he discovered that he had extraordinary powers. Instead of being good and fighting villains like other superheroes, Billy used his powers for selfish acts like stealing candy, skipping work and avoiding exercise. Out of fear, people kept their distance from him as he used his special skills to make life easier for himself. He eventually became bored of his own antics and realized that his powers weren't intended for being bad. In order to find a purpose and create a new identity for himself, Billy decided to use his special abilities to help people in need and fight crime. Thus, the Antihero was born! He embraced his new identity and sought to make a difference in the world, one good deed at a time.",alpaca
Find 3 distinguishing characteristics of a lion,"Three distinguishing characteristics of a lion are its size (the males can reach over 300 kg in weight), its roar (which can be heard up to 8km away), and its mane (which are unique to each lion).",alpaca
Calculate the total cost of 1000 apples at the rate of $1.5 per apple.,The total cost of 1000 apples would be $1500.,alpaca
Generate a list of activities for a vacation in Australia.,"- Explore the Great Barrier Reef
- Vineyard hopping in the Margaret River region
- Surfing in Byron Bay
- Visit the world’s oldest living rainforest in Daintree
- Gaze upon Uluru in the Northern Territory
- Hike through the Alpine National Park in Victoria
- Whale watching in Hervey Bay
- Snorkel the coral reefs in Lizard Island
- Take a boat tour to Fraser Island
- Explore the 12 Apostles off the Great Ocean Road",alpaca
Create a computer program that fixes typos in a text.,"def fixTypos(text): 
    words = text.split()
    for i in range(len(words)):
        words[i] = spellCheck(words[i])
    return ' '.join(words)
  
def spellCheck(word):
    dictionary = [""Hello"", ""Goodbye"", ""World""]
    minDistance = len(word)
    result = word
    for item in dictionary:
        if distance(word, item) < minDistance:
            minDistance = distance(word, item)
            result = item
    return result
    
def distance(a, b):
    len_a = len(a)
    len_b = len(b)
    if len_a > len_b: 
        a, b = b, a
        len_a, len_b = len_b, len_a
  
    current_row = range(len_a + 1) 
    for i in range(1, len_b + 1): 
        previous_row, current_row = current_row, [i] + [0] * len_a 
        for j in range(1, len_a + 1): 
            add, delete, change = previous_row[j] + 1, current_row[j - 1] + 1, previous_row[j - 1] 
            if a[j - 1] != b[i - 1]: 
                change += 1
            current_row[j] = min(add, delete, change) 
      
    return current_row[len_a]",alpaca
Explain why a good night's sleep is important.,"A good night's sleep is important because it allows the body and mind to rest, recharge, and recover. It helps to regulate hormones, boost energy levels, improve mood, reduce stress and anxiety, enhance alertness and concentration, boost immunity, and even helps with weight management. A good night's sleep enables a person to be productive and ready for the challenges of the day.",alpaca
Create a how-to guide for setting up a home Wi-fi network.,"Setting up a home Wi-Fi network requires purchasing a router, connecting the router to an Internet provider, setting the router's administrative username and password, configuring the network's settings, such as security and the network name, and connecting devices to the network. First, purchase a router. Then, connect the router to your Internet provider and configure the connection. Next, set up your network's administrative username and password. After that, configure the network settings such as the default SSID, Wi-Fi security type, channel and broadcast settings. Finally, connect your devices to the network, such as phones, tablets, and computers, using the network name and password.",alpaca
Generate a poem using a special type of poetic form.,"Ode to Winter

As December starts its song, 
The snow drifts to the ground. 
The Earth and sky kiss in white,
Roaming chilled, stillness all around. 

The winter colors, soft and sweet,
Lay silky and shimmering, 
Capping trees in a frosty cast,
A happy Life brings ever lasting. 

As snowflakes twirl in misty glee,
Soft winds sing in the night, 
Winter creeps in covering all,
Holding magic that’s so right. 

Blanketed in snow, hearts content,
The days grow short and light. 
The peace of Winter ever reigns
An annual delight.",alpaca
Design a game scoring system for a soccer game.,"The game scoring system should take into account both offensive and defensive play balance. Players receive points for scoring goals, making assists, successful passed, winning tackles, successfully defending, and intercepting the ball. The score should be cumulative, with points awarded at regular intervals, such as after each quarter. The player with the highest score at the end of the game will receive an MVP award.",alpaca
Calculate the angle between the hour hand and the minute hand at 11:45.,The angle between the hour hand and the minute hand at 11:45 is 142.5 degrees.,alpaca
Design a hypothetical experiment to determine how long it takes to learn a new skill.,"In this hypothetical experiment, participants would be randomly divided into two groups. The first group would be assigned the task of learning a new skill, such as programming or a foreign language. They would be assigned a set amount of time, such as two weeks, to reach a certain level of proficiency with the skill. The second group would not be given any specific instruction or task. At the end of the two week period, both groups would be tested on their level of proficiency with the skill. The time it took for the first group to reach the desired level of proficiency would indicate the amount of time necessary to learn the new skill.",alpaca
Compare and contrast the river Nile and river Rhine.,"The River Nile and River Rhine are two of the longest rivers in the world. They are geographically located far apart from each other, since the Nile flows through Egypt and Sudan and the Rhine through Germany and the Netherlands. But, they share some features in common, such as their importance to the region they traverse and the resources they represent. 

The Nile is often seen as the giver of life, due to its importance in providing water and fertile soil for Egypt. The Rhine, on the other hand, is primarily used for transportation, with many cities along its path relying on the river for supplies and goods. It is also a major source of electricity for those living near it, due to the dams that are built on it.

The Nile is much longer than the Rhine, with a length of 4,132 miles, while the Rhine is 1,233 miles long. In terms of width, the Nile has a mean width of 0.7 miles, while the Rhine averages around 0.8 miles. Finally, the Nile is not navigable along its entire length, while the Rhine is navigable for most of its length.",alpaca
Tell me about four different types of birds,"Four different types of birds are pigeons, blue jays, robins, and hummingbirds. Pigeons are stout-bodied birds found in cities, while blue jays are blue-colored birds with crests that are native to North America. Robins are medium-sized birds with orange breasts and are common in North America and Europe. Hummingbirds are small birds with long beaks and the ability to hover while they feed on nectar.",alpaca
Create an algorithm to determine whether a website is trustworthy.,"The algorithm should consider various factors when determining the trustworthiness of a website. This includes verifying the identity of the website's owners, verifying the authenticity of any claims made by the website, and checking the website's security measures to determine whether it is adequately protecting user data. Additionally, the algorithm should consider how the website covers topics, how it behaves in the presence of conflicting information, and how it displays advertising content. The algorithm should also consider transparency and any other factors that may be relevant to the user's trustworthiness judgement.",alpaca
Come up with a creative use for a digital assistant.,"A digital assistant can be used to help with household tasks such as grocery shopping, meal prep, and even pet care. The assistant can be used to compile shopping lists, order groceries online, and suggest recipes based on the ingredients a person has on hand. It could even be programmed to provide reminders when a person needs to schedule vet appointments for their pet or order pet supplies.",alpaca
Design a 3d game level.,"I designed a 3D game level by using various 3D modeling software. I created a large open area with a grassy terrain and various obstacles. I added trees, rocks, and bodies of water to provide more visual interest and create different elevations. I also added buildings and other structures to provide additional exploration opportunities and objectives. Finally, I added enemies and NPCs to give the level some challenge and provide an immersive experience.",alpaca
Name one way to start a conversation with someone you don't know.,"A great way to start a conversation with someone you don't know is to introduce yourself and ask them questions about themselves. For example, you could say: ""Hi, I'm [Your Name], it's nice to meet you. What do you do for a living?""",alpaca
Create a fictional story about a character who gets hunted by dragons.,"It was a dark and stormy night. The skies were filled with thunder and lightning, and the wind howled through the trees. 

Jack felt a chill go down his spine as he walked through the forest. He had heard stories of dragons that lived nearby and hunted any living thing that crossed their paths.

Suddenly, Jack heard a deep roar coming from the sky. He looked up and saw a huge red dragon soaring through the night sky. Its wings spread wide and its claws ready to grab whatever was in its path.

Jack ran as fast as he could, avoiding the trees and weaving in and out of the shadows. The dragon chased after him, breathing out fire and slashing at him with its claws.

Jack's heart raced as he ran. He could feel the heat of the dragon's breath on his back, yet he managed to keep going.

Finally, as Jack reached the edge of the forest, he spotted a cave opening. Gathering all his courage, he jumped into the cave and hid in the darkness.

Jack lay in the cave, panting heavily. He had escaped the dragon's clutches, but he felt certain that the dragon would be back soon. He would have to find a way to survive, or the dragon would surely get him.",alpaca
Develop an algorithm for calculating the Fibonacci sequence.,"The Fibonacci sequence can be calculated using a recursive algorithm, which is as follows: 

def Fibonacci(n): 
  if n<=0: 
    return 0
  elif n==1: 
    return 1
  else: 
    return Fibonacci(n-1)+Fibonacci(n-2) 

This algorithm uses recursion to calculate the nth number of the Fibonacci sequence. The algorithm begins by setting up two cases, one for n = 0 and the other for n = 1. If n = 0 or 1, the function simply returns the value of n.  If n is larger than 1, the function recursively calls itself twice, once for n-1 and once for n-2. The result of these recursive calls is added together to compute the Fibonacci number for n.",alpaca
"Rearrange the sentence to make it a valid sentence: ""his cost many a bag of grain",Many a bag of grain cost him.,alpaca
"Complete the following sentence: Life is not about finding yourself, it’s about _____ .",creating yourself.,alpaca
Compare and contrast culture in the U.S. and in the U.K.,"In the U.S., many cultural norms are based on individualism and celebrating personal achievement, where people value their freedom and express themselves in unique ways. In the U.K., the culture is often more family-oriented and communal, where people are loyal to their community and less emphasis is placed on individual achievement. In the U.S., work often takes priority over leisure, whereas in the U.K. leisure is more valued as an integral part of life. Both cultures value politeness and courtesy in their interactions with each other, but the U.S. tends to be more informal in their approach.",alpaca
Brainstorm ways to reduce energy consumption in a home.,"Ideas for reducing energy consumption in a home include switching to energy efficient appliances, using natural light to reduce reliance on artificial lighting, unplugging electrical devices when not in use, installing timers or smart home systems to regulate temperature, using solar panels to generate electricity, and running full loads of dishes and laundry.",alpaca
Create a program that prints out the Fibonacci sequence up to the number 100.,"1, 1, 2, 3, 5, 8, 13, 21, 34, 55, 89, 100",alpaca
Name three romantic locations.,"Three romantic locations could include Paris, France; Santorini, Greece; and Rome, Italy. Each of these destinations are popular for couples to visit and take part in romantic activities such as strolling along cobblestone streets, admiring ancient cultural artifacts, and sampling regional cuisine.",alpaca
Create 3 different questions about the Organ Donation Act.,"1. What provisions are there in the Organ Donation Act? 
2. Who is allowed to opt out of the Organ Donation Act? 
3. How can the public be educated about the benefits of organ donation?",alpaca
Identify two causes of glacial retreat.,"Glacial retreat is the process by which glaciers shrink due to melting or other factors. The two main causes of glacial retreat are rising global temperatures due to climate change, and an increase in the amount of glacial melt water entering the oceans. As global temperatures continue to rise, glaciers are melting at a faster rate and less snow is falling in the winter, which leads to glaciers shrinking. Additionally, the melting caused by warm ocean currents can destabilize glaciers and cause them to calve and retreat.",alpaca
Generate a possible solution for reducing the dropout rate in high schools.,"One potential solution for reducing the dropout rate in high schools is to create opportunities for students to learn in more flexible, engaging ways through technology like virtual and augmented reality. This could help students gain a more personalized learning experience and keep them motivated and engaged in their studies. Additionally, more extensive social and emotional supports for students could be provided to help them better cope with the challenges of high school.",alpaca
Write a creative story about a time traveler.,"Once upon a time, there lived a young man named Tim who loved to explore and experience new places and cultures. He stumbled upon a magical watch that had the power to take him back in time. He used this watch to travel to different periods and explore the world his ancestors lived in. His adventures took him from the wild west to ancient dynasties, back and forth in time, trying to solve puzzles and riddles that have remained unsolved for centuries.",alpaca
Explain what constitutes the fair use of copyrighted material in an educational setting.,"According to copyright law, the fair use of copyrighted material in an educational setting includes activities such as commentary, criticism, news reporting, research and teaching, which benefit the public in some way. Generally, the amount of the material used must be small and the use cannot damage the potential market value of the work. Additionally, educational institutions must obtain copyright permission for certain uses such as displaying, copying, distributing and broadcasting copyrighted material.",alpaca
Give an example of an energy transformation from chemical energy to kinetic energy.,"When a car engine is burning fuel, chemical energy from the fuel is converted into kinetic energy, which powers the car.",alpaca
Describe a technique used for solving exponential equations.,A common technique for solving exponential equations is to take each side of the equation and raise both sides to the same power in order to eliminate the exponential portion of the equation. This will leave a linear equation which is easier to solve.,alpaca
"Calculate the perimeter of a triangle with sides A = 10 cm, B = 12 cm and C = 8 cm.",The perimeter of the triangle is 30 cm.,alpaca
"Generate a new sentence that includes the following structure: ""He/she must ____"".",He must make an effort to help others in need.,alpaca
"Summarize the key points of the book ""The Three Musketeers"" in 3 sentences or less.","The Three Musketeers is an adventure story set in the 17th century France, featuring the brave and loyal heroes, Athos, Aramis, and Porthos. Throughout the book they fight against injustices, protect those in need, and take on dangerous missions while pursued by the evil Cardinal Richelieu. Finally, they achieve justice, triumph over their enemies and reaffirm their loyalty to one another.",alpaca
Generate a non-trivial math problem for a 5th grader to solve.,"A survey asked 68 people about their favorite color. 38 said blue, 15 said green, and the rest said yellow. What percentage of the people said yellow? 

Answer: 29.4% (50 people said yellow)",alpaca
Compare and contrast the US Constitution and the Declaration of Independence.,"The US Constitution and the Declaration of Independence are two of the most important documents in American history. The Declaration of Independence is a statement adopted by the Second Continental Congress in 1776 which declared the colonies' right to self-governance and separation from Great Britain. The US Constitution, adopted in 1787, laid out the structure of the US government and enumerated the rights of individuals. Both documents are based on the shared belief of individual rights and liberties. The Declaration of Independence was used to justify the war for independence and the US Constitution is the legal foundation for the US government and its laws.",alpaca
"Classify the following sentence: ""The dog barked loudly"".",The sentence is a declarative sentence.,alpaca
Calculate the sum of 10001st number and the 10th number.,The sum of 10001st number and the 10th number is 10011.,alpaca
Compare the health benefits of marine life to land animals.,"Overall, marine life tend to have more health benefits than land animals. Marine life are rich in nutrients such as omega-3 fatty acids, which are beneficial for heart health. They also contain fewer saturated fats than other sources of animal protein, making them a healthier dietary choice. Additionally, the environment of the ocean can create a more active lifestyle for marine animals, which contributes to better physical health. Finally, exposure to the ocean's natural saltwater can provide a range of therapeutic benefits such as improved concentration, stress relief, and improved sleep.",alpaca
How can I learn more efficiently?,"To learn more efficiently, try breaking down complex concepts into smaller pieces, taking notes and reviewing them often, studying with a group of people, and setting realistic goals for yourself. It can also help to create a study plan with specific milestones and take regular breaks.",alpaca
Report the temperature of the following city - Dallas.,"The current temperature in Dallas, TX is 78°F (25.56°C).",alpaca
Identify how many grams of sugar are in a can of Coke.,A 12 oz can of Coca-Cola contains 39 grams of sugar.,alpaca
Construct an argument to convince me to buy a car,"Car ownership comes with a number of benefits that make the cost worthwhile. Having a car is essential for efficient travel and it is much more convenient than relying on public transportation. Additionally, owning a car gives you access to a greater variety of activities and experiences. A car can be used as an investment as they tend to hold their value over time, meaning that you can monetize it later. It also serves as a status symbol and enhances your social standing. Finally, owning a car means that you can have access to transportation whenever you need it without having to worry about timetables or availability.",alpaca
Name two advantages that digital platforms offer for businesses,"Two advantages that digital platforms offer for businesses include increased reach, since customers can access the product from anywhere in the world, and cost savings, since digital platforms eliminate the need for physical stores or large warehouses.",alpaca
"Given two news articles, design a GPT model to identify whether the two articles discuss the same event or not.","A GPT model that identifies whether two news articles discuss the same event or not. The model should be able to take two news articles as input and generate an output of ""Yes"" or ""No"" depending on whether, in its opinion, the articles are talking about the same event.",alpaca
Create a simulation scenario centered around the theme of online collaboration.,"In this simulation, the players are challenged to form an effective online collaboration team with members from different areas of expertise. The team must work together to create a successful project, providing feedback and refining their plans as they go. Communication and planning are key to success, as the team deals with unpredictable climate and potential conflicts along the way. At the end of the simulation, the team must present their project to a group of judges who will decide if they have achieved their goals.",alpaca
Describe techniques to optimize web content,"Techniques to optimize web content include ensuring that the content is well-structured, breaking it up into shorter paragraphs and subsections, using subheadings, writing in an active voice, optimizing images, and compressing code.",alpaca
Describe a time you made a mistake but learned something valuable.,"I once made a mistake in a presentation that I was giving to an important client. I thought I was prepared, but I was missing a few important points that would have made my argument stronger. I was embarrassed, but it taught me to always double check my facts and never assume I'm prepared enough. I learned to work hard and pay attention to the details to ensure the best result possible.",alpaca
Describe the history of Anime.,"Anime has its roots in the early 20th century, when Japanese anime pioneers such as Shimokawa Oten, Seitaro Kitayama, and Junichi Kouchi began to make short animated films that were later called ""anime"". In the 1950s, Osamu Tezuka released his famous manga series ""Astro Boy,"" which established the anime style that is familiar today. This style quickly spread to television, film, and other mediums, becoming increasingly popular and expanding its influence around the world. Today, Anime is an entire artistic culture with its own distinct style, themes, and genres.",alpaca
Name at least two Indian states that border Bangladesh.,West Bengal and Tripura are two Indian states that border Bangladesh.,alpaca
Complete the analogy “Velocity is to speed as _______ is to acceleration,"Distance. Velocity is a measure of the rate of change of distance over time, while acceleration is a measure of the rate of change of velocity over time. Therefore, speed is related to velocity and acceleration is related to distance.",alpaca
Generate an argument for why multitasking might improve productivity.,"Multitasking can improve productivity by allowing someone to switch between tasks quickly and efficiently. This can help to speed up the completion of tasks, as it eliminates the need for switching context in between tasks. Furthermore, multitasking allows for tasks to be divided between different people, thus freeing up time and resources that would have been spent on a single person completing the tasks. Additionally, in some cases it may not be necessary to start a task from scratch, which can save time and energy. Finally, multitasking can spread the workload over multiple people, which can help to balance the amount of work each person must complete.",alpaca
Create a program that logs the temperature of the computer and limits its usage depending on the given value.,"The program should continuously measure the temperature of the computer in the background and display a warning when the temperature exceeds a pre-defined threshold. If the temperature reaches a critical level, the program should take corrective measures to reduce the temperature such as limiting the usage of the computer by alerting the user and throttling the performance of the processor to prevent the system from overheating.",alpaca
Generate a fun and creative way to spend a day,"Have a picnic in the park! Pack a lunch, bring some blankets and games, and have a great time with your friends and family. Spend the day outdoors, socializing, eating delicious food, and playing fun games. You can even play catch or set up a scavenger hunt! Enjoy the sunshine and fresh air and take in the sights and sounds of nature. Make sure to take lots of pictures and capture the memories of the special day.",alpaca
Design an app interface for a book recommendation system.,"The app interface should include a section with book recommendations, a search bar and filter options to refine results, a page for each book with ratings, reviews, and tags, a page for each author with profile information, a page for each genre with top books and related genres, and a page for user preferences.",alpaca
Construct an outline for an essay about the benefits of a healthy lifestyle.,"I. Introduction 
A. Definition of ""healthy lifestyle"" 
B. Overview of the benefits of a healthy lifestyle 

II. Mental Benefits 
A. Improved concentration and focus 
B. Reduced risk of anxiety and depression 
C. Improved memory 

III. Physical Benefits 
A. Decreased risk of chronic illness 
B. Better overall health and vitality 
C. Increased energy 

IV. Conclusion 
A. Returning to the definition of ""healthy lifestyle"" 
B. Brief overview of the benefits of a healthy lifestyle",alpaca
Describe a time when you helped someone in need.,One time I encountered a woman at the grocery store who was in desperate need of diapers for her baby. She had only enough money for herself and was about to leave with nothing for her child. I offered her the money she needed to purchase the diapers and other essential items for the baby. It was an incredibly uplifting experience and I felt privileged to be in a position to help.,alpaca
Construct a sentence of at least 16 words that brings to light the beauty of spring.,"The beauty of spring emanates all around, with the fresh morning dew, the vibrant colors of the flowers, and the fragrant scent of the blooming trees.",alpaca
How would you assist a visually impaired customer to complete their online shopping transaction?,"You should offer hands-on assistance to the customer to help them complete the transaction. You could provide step-by-step instructions to the customer by voice and offer to read out any information that is on the screen, such as product descriptions or checkout forms. You could also help the customer choose items by speaking the product name and description out loud. Additionally, if your website has an alternative audio version available (e.g. for product descriptions), you should provide that to your visually impaired customers to increase their chances of successful completion.",alpaca
Describe the concept of the 'big five' personality traits,"The ‘Big Five’ personality traits are a popular model used to measure and describe personality. The five traits that make up this model are Openness, Conscientiousness, Extraversion, Agreeableness, and Neuroticism (aka OCEAN). These traits are used to measure individual differences in thoughts, feelings and behaviors.",alpaca
Argue why the moon landing was significant.,"The moon landing was significant because it was a historic achievement in human exploration, becoming the first successful human mission and marking a major milestone in the space race between the United States and the Soviet Union. It also demonstrated the potential of human capability, contributing to modern technological advancements and inspiring others to continue pushing the limits of exploration.",alpaca
Write a blog post discussing new trends in data science,"Data science is an ever-evolving field and the new trends will shape the way businesses use data to drive decisions and create value. One of the most noteworthy trends is the use of artificial intelligence and machine learning. By taking advantage of huge datasets, these technologies are helping organizations mine data and extract insights in ways that weren’t possible before. Additionally, the emergence of data lake architectures and cloud computing are also allowing organizations to store and manage large amounts of data with greater efficiency and cost-effectiveness. Finally, the use of augmented analytics and natural language processing (NLP) is allowing data scientists to analyze and interpret data more quickly and easily.",alpaca
Write a creative story that contains a character who is a detective.,"The sleuthing detective Sam walked into the dimly lit alleyway. Taking out his magnifying glass, he began to investigate the scene. He noticed a faint hint of lipstick on a nearby trash can and went to investigate further. Suddenly, he heard a loud smash and spun around to see a man running away. With no evidence to suggest otherwise, Sam concluded that the man was the one responsible for the crime. He quickly phoned the station and gave them the details of his suspect. 

Little did he know that this was just the start of a long and complex investigation, but Sam was determined to solve the case no matter how long it took.",alpaca
Generate a list of items that would be necessary to open a small restaurant,"A list of items necessary to open a small restaurant would include:
1. Food - ingredients, cooking supplies, dishes, cutlery
2. Equipment - stoves, ovens, refrigerators, kitchenware
3. Furniture – tables, chairs, booths
4. Interior décor – paintings, lighting, indoor plants
5. Staff – chefs, servers, bartenders
6. Licenses and permits – health and hygiene, business, food and beverage handling
7. Technology – POS system, single use ordering tablet
8. Tableware – plates, cups, napkins
9. Cleaning supplies – mops, buckets, wipes
10. Cashiers – till, receipts, card machines",alpaca
Write a email to an online store demanding a refund for an item that you recently purchased.,"Dear [Store Name],

I am quite dissatisfied with the item that I recently purchased from your online store. The item was significantly different than what was advertised, so I am requesting a full and immediate refund.

I have included the item details and purchase information below.

[Item Details]
[Purchase Information]

I look forward to a speedy resolution to this issue.

Sincerely,
[Your Name]",alpaca
What are the challenges associated with starting a business?,"Some of the challenges associated with starting a business include finding capital, creating a business plan, obtaining necessary business licenses and permits, hiring and managing employees, acquiring customers, and dealing with the competitive landscape.",alpaca
Generate a suitable apology for missing an appointment.,I apologize for missing our appointment and I understand how this might have caused you inconvenience. I take full responsibility for my actions and I promise to do my best to make it up to you.,alpaca
Design a survey to analyze customer sentiment about an online store.,"Dear Customer,

We are interested in understanding your experience with our online store. We appreciate your honest feedback and would be grateful if you could take a few minutes to answer the following survey questions. 

1. How would you rate your overall experience with our online store? 

2. What do you think are our store's strengths?

3. What do you think could be improved? 

4. How likely are you to recommend our store to a friend or family member? 

Thank you very much!",alpaca
Describe the sky in three words.,"Blue, vast, clear.",alpaca
Describe the end of the 19th century industrialization movement in the United States.,"At the end of the 19th century, the industrialization movement in the United States had made tremendous progress. Throughout the country, there was increased access to electricity, improved machinery and tools, and mass production of various goods. Major advances in transportation, communication, and banking had been made, and the widespread use of steel allowed for the building of larger and stronger structures. As a result, cities flourished and the quality of life improved drastically.",alpaca
Create a four-word phrase that describes a bright sunny day.,"A bright sunny day is ""A brilliant sunny day.""",alpaca
Describe an aquatic animal in two sentences.,"The octopus is an aquatic animal that is characterized by its eight tentacles, ability to camouflage itself, and remarkable intelligence. It is found in many oceans and can vary greatly in size, ranging from the tiny pygmy octopus to the giant Pacific octopus.",alpaca
Suggest two titles for a play about two sisters who share a secret.,"""A Shared Secret"" and ""Sisterly Bonding"".",alpaca
Write a movie review of the movie The Grand Budapest Hotel,"The Grand Budapest Hotel is a visual and comedic masterpiece that is sure to be remembered for years to come. Wes Anderson's filmmaking chops and quirkiness provide a unique experience of the story of Monsieur Gustave, a passionate concierge of the titular hotel in the early 1900s. The robust cast is highlighted by strong performances by Ralph Fiennes and Saoirse Ronan, and Anderson's signature color palette and art direction provide a vivid, fun aesthetic. The Grand Budapest Hotel is quirky, full of laughs, and full of heart.",alpaca
Explain with examples why artificial intelligence is beneficial to healthcare.,"Artificial Intelligence (AI) is beneficial to healthcare because of its ability to process, analyze, and understand large amounts of data quickly and accurately. AI can be used to automate some of the more tedious tasks in healthcare such as assembling medical records, scheduling, and billing. AI can also be used for diagnostics, helping to rapidly identify potentially serious conditions, and aiding in the development of new treatments. AI is also being used for facial and voice recognition for authentication and screening, as well as research into improved drug delivery.",alpaca
Compare the advantages and disadvantages of using an AI assistant.,"The advantages of using an AI assistant include cost efficiency, faster and more accurate decision-making, assistance with complex tasks, and improved customer service. The disadvantages include potential bias, privacy and security concerns, and difficulty in reasoning with unstructured data.",alpaca
Explain a web page's anatomy.,"A web page can be divided into several key components. The header typically contains the website logo, navigation, and search bar. The body of the page contains the main content, including text, images, and other media. The footer contains additional navigation and copyright information. Additionally, a web page usually contains several other elements such as meta tags, which provide information to search engine crawlers, and scripts, which add interactivity to the page.",alpaca
Write a jingle for an energy bar,"It's high-energy, nutritious and fantastic,
No matter what your day throws, give an Fan-Energy Bar a try.
Feel the energy, power and delight 
The best boost for your day's flight.",alpaca
"Generate a random password using the following constraints: 15 characters, at least 1 uppercase letter and 1 special character.",I{mk7N#>|dN5Nr,alpaca
"Classify the following nouns according to the categories: animate and inanimate.

Nouns: pen, chair","Animate: pen
Inanimate: chair",alpaca
How many points is a touchdown in American football?,A touchdown in American football is worth 6 points.,alpaca
Explain what is AGI and its implications?,"Artificial General Intelligence (AGI) is artificial intelligence that approaches or achieves human-level performance in a wide variety of tasks. It is a highly advanced form of AI that is capable of solving any problems that it may face. The implications of AGI could be far-reaching, making it possible for machines to easily automate tasks that currently require human effort and intelligence. It could also be used to create machines that learn and adapt quickly to changes in the environment and become more intelligent over time.",alpaca
Describe the process for setting up a wireless network.,"Setting up a wireless network is relatively easy. First, you'll need a wireless router, which connects your devices to the internet. Next, you'll need to plug the router into an internet connection and configure your settings, such as the network name and security protocols. Once the router is set up, you need to install wireless network adapters on your devices, such as computers and phones, so they can connect to the router. Finally, make sure to regularly update your router's firmware and keep your security measures up-to-date to ensure the safety of your wireless network.",alpaca
Explain why deep neural networks are particularly useful for natural language understanding.,"Deep neural networks are particularly powerful tools for natural language understanding due to their ability to encode complex relationships between input and output data. They can learn patterns in the data that are hard to capture using traditional feature engineering techniques and are also able to capture long-term dependencies and context. This makes them well-suited for tasks such as machine translation, sentiment analysis and natural language generation.",alpaca
"Categorize the following books based on genre: The Catcher in the Rye, Harry Potter and the Sorcerer's Stone.","The Catcher in the Rye - Fiction
Harry Potter and the Sorcerer's Stone - Fantasy",alpaca
"Take this sentence and correct any errors: ""The dog barked loudly then ran away""",The dog barked loudly and then ran away.,alpaca
Make a list of five items that you need to buy in a grocery store.,"A grocery list of five items could include eggs, milk, apples, bread, and cheese.",alpaca
Explain what causes an El Nino phenomenon.,"El Nino is an atmospheric phenomenon caused by changes in sea surface temperature in the eastern and central Pacific Ocean. These changes, which usually occur around Christmas time, are caused by variations in the flow of warm water from the western Pacific and cold water upwelling from the lower latitudes. These changes in temperature changes the atmospheric pressure, which can cause heavy rains, floods, and droughts in different parts of the world.",alpaca
Generate a list of 7 skills every leader needs to have.,"1. Communication Skills: Being able to communicate and explain one’s vision, while connecting with the team, is an essential skill that all leaders need. 
2. Decision-Making Skills: Leaders are responsible for making important and sometimes difficult decisions, which is why they need to be able to weigh the risks, consider all angles, and think critically. 
3. Problem-Solving Skills: Leaders must be able to identify problems, come up with solutions, and delegates tasks to the right person.
4. Emotional Intelligence: Leaders need to have an understanding of their own emotions and those of the people around them to make efficient decisions and manage conflicts.
5. Self-Awareness: Good leaders need to understand their personal strengths, weaknesses, and areas of improvement in order to be effective. 
6. Motivational Skills: Leaders must have the ability to inspire, motivate, and mentor their team in order to reach their goals.
7. Leadership by Example: Leaders need to set an example for their team by having a clear vision, staying true to their values, and leading with integrity.",alpaca
Describe the components needed to build a custom gaming computer.,"In order to build a custom gaming computer, you will need several components. This will include the CPU (Central Processing Unit), a good CPU cooler, RAM (Random Access Memory), a motherboard to run it all, a GPU (Graphics Processing Unit), a storage device such as an SSD (Solid State Drive) for faster loading times, a power supply unit to provide your computer with the necessary power, a gaming case, and appropriate cables. You will also need to consider cooling, such as fans and liquid cooling systems, as well as any necessary peripherals such as a monitor, keyboard, and mouse.",alpaca
Generate a sentence talking about the importance of the ocean,"The ocean plays a vital role in regulating climate, supporting biodiversity, generating oxygen, and providing food for billions of people around the world.",alpaca
"Provide a short summary of the short story, ""The Tell-Tale Heart"".","The Tell-Tale Heart is a short story by Edgar Allen Poe which tells the story of an unnamed narrator who is driven to the brink of madness by an old man's piercing eye. The narrator believes the old man to be a vulture, and decides to kill him to rid the fear and paranoia that the old man's eye brings him. The narrator thinks he has committed the perfect crime and hides the body under the floorboards, but is consumed with guilt and is driven to confess when the beating of the old man's lifeless heart overtakes his own.",alpaca
Tell me the most common hairstyle for men.,"The most common hairstyle for men is a short, neat cut such as a crew cut, buzz cut, close-cut, butch cut, brush cut, or high-and-tight.",alpaca
List five features of a social media application.,"1. Profile customization
2. User authentication
3. Posting content
4. Networking with friends 
5. Reporting inappropriate behavior",alpaca
Generate a story about a musician in less than 40 words.,Gina was a talented musician with a passion for music. She would spend hours perfecting her craft until she was nearly perfect. She eventually became a successful and celebrated artist and her concerts were always sold out.,alpaca
How do I add a Raspberry Pi to my home network?,"To add a Raspberry Pi to your home network, you will need to set up a network connection and configure the Raspberry Pi to connect to it. First, connect your Raspberry Pi to your router with an Ethernet cable or use a Wi-Fi connection if your Raspberry Pi supports it. Once your Raspberry Pi is connected, you can then configure it with a static IP address if required. Finally, run any set-up scripts, install any necessary software packages, and configure the Raspberry Pi for your specific needs.",alpaca
Explain what a convolutional neural network is in one sentence.,"A convolutional neural network is a type of deep learning architecture which uses convolutional layers to process data, identify patterns, and capture features from an input image.",alpaca
Create a dialogue between two people discussing the pros and cons of having a pet.,"Person 1: I'm thinking of getting a pet, but I'm not sure. What do you think?
Person 2: On one hand, having a pet can bring a lot of joy and companionship. But on the other hand, it can be expensive and time consuming. Have you thought about what kind of pet you would get?",alpaca
Create a historical analogy for the current COVID-19 pandemic.,"The COVID-19 pandemic has been likened to a world war, with everyone affected in some way by its impacts of social distancing and financial strain. Just like the world wars of the twentieth century, it has caused disruption on a global level, with nations and individuals alike forced to alter the way they live and interact. It has been an enormously costly and difficult situation for many, and it seems that the only thing we can do is to stay strong, continue to mask up, distance and look ahead to a future free of the virus.",alpaca
What emotions can a person feel?,"A person can feel a wide range of emotions, including joy, sadness, anger, fear, disgust, surprise, anticipation, and love. Other common emotions experienced by humans include shame, guilt, pride, contentment, longing, envy, and sympathy.",alpaca
Describe the three main challenges for the US healthcare system.,"The three main challenges for the US healthcare system include rising costs, an aging population, and a lack of access to care. 
The cost of healthcare has risen dramatically in recent years, placing a financial burden on both individuals and families. This has been driven by continuously increasing prices for medicines and treatment, as well as by increasing demand for healthcare services.
The US population is aging, meaning more people are living longer, with increasingly complex medical needs. This presents a challenge for the healthcare system, as it needs to equip itself to provide ever-more specialized care to an increasingly diverse population.
Finally, access to health care remains an issue in the US. Income-based disparities in health insurance coverage serve to create a ‘two-tier’ health system, where those from lower-income backgrounds receive fewer resources and poorer care.",alpaca
"Generate a novel that is at least 1,500 words.","Janet was a young woman who enjoyed a peaceful life in her small town. She had few wants and led a relatively simple life - until one fateful day when she encountered a mysterious stranger. He spoke of hidden and powerful forces that could potentially tip the balance of the world and how she and her friends could be key figures in its defense. Janet wasn't sure if she could believe his words, but her curiosity got the better of her and she decided to follow the stranger's lead on an epic adventure full of danger and mystery. Along the way, she would meet powerful allies, powerful enemies, and discover the depths of her own strength, courage, and power.",alpaca
What is an example of a real-world application of a neural network?,"One example of a real-world application of a neural network is image classification. Neural networks can be used to classify images by recognizing landmarks and objects in the images. For example, it can be used for facial recognition to detect the facial features of a person’s face. It can also be used for identifying medical images such as X-rays and MRI scans, as well as for recognizing objects and identifying handwriting. Neural networks are also used for autonomous vehicles that rely on real-time image recognition to safely navigate. Other applications include natural language processing and text summarization, as well as stock market predictions. Neural networks also have applications in robotics and autonomous systems, as well as for automated analytics and machine learning.",alpaca
Estimate the height of the world's tallest peak.,"Mount Everest is the world's tallest peak, and it stands at an estimated height of 8,848 meters (29,029 feet).",alpaca
"Explain this proverb: ""You get what you pay for""","This proverb means that a person will receive the quality of goods or services that they pay for; usually, the more expensive it is, the better the quality is.",alpaca
Name three methods to prevent vehicle crash through technology.,"Three methods for preventing vehicle crashes through technology are: Automatic Emergency Braking, Intelligent Cruise Control, and Lane Departure Warning Systems.",alpaca
Summarize the importance of sleep,"Sleep is essential for physical and mental health. It helps to restore and repair the body and mind, improve cognitive function, and support the body's immune system. Sleep also helps to regulate emotions, allowing people to stay calm and relaxed. Getting enough sleep is important in order to stay awake and alert during the day and maintain overall wellbeing.",alpaca
Design an advertisement for a technology conference,"Advertisement for a technology conference that includes an image featuring a diverse cast of people from various backgrounds in a modern office setting with the conference name, location, and dates prominent.",alpaca
Explain how to achieve the American dream in one sentence.,Work hard and stay ambitious with your goals to achieve the American dream.,alpaca
Generate a list of three items related to tropical rainforest.,"- Trees: The tropical rainforest is home to a wide variety of tall, dense trees that provide shelter to many of the species living in the rainforest.
- Fauna: The tropical rainforest is home to a wide array of fauna. These include monkeys, sloths, toucans, pink dolphins, and jaguars.
- Flora: The tropical rainforest is also home to a wide variety of flora, such as orchids, bromeliads, and ferns.",alpaca
Explain one advantage and one disadvantage of owning a pet.,"One advantage of owning a pet is that pets can provide great companionship and can be a source of unconditional love and affection. Pets can also be great for mental health, helping to reduce stress and loneliness. One disadvantage of pet ownership is the expense. Pet food, toys, and other supplies can add up quickly, and regular vet checkups and treatments can be expensive.",alpaca
Generate a set of questions to ask to gauge how well a customer understands a product.,"1. What do you understand the product to be?
2. What is the main purpose of the product?
3. What features of the product do you think are most important?
4. What challenges do you think the product can help you with?
5. How do you think the product will make your life easier?
6. What makes this product unique compared to other similar products?
7. What do you think the strengths and weaknesses of the product are?
8. How did you learn about the product?
9. What did you think when you first started using the product?
10. How satisfied are you with the product?",alpaca
Describe the roles of the main characters in the play Romeo and Juliet.,"Romeo is a romantic young man who falls in love with Juliet, the daughter of the enemy family, the Capulets. Juliet is a young teen who is being forced to marry a man she does not love. Juliet's nurse and Romeo's best friend Mercutio provide comic relief, and Friar Lawrence plots to get Romeo and Juliet back together after their secret marriage. The antagonist of the play is the Prince, who seeks to maintain order between the feuding families.",alpaca
Find a recipe for a dessert that can be prepared in 10 minutes.,"One recipe for a dessert that can be prepared in 10 minutes is chocolate pudding. It requires only 4 ingredients: 2 cups of milk, 1/4 cup of sugar, 2 tablespoons of cornstarch, and 2 tablespoons of cocoa powder. To make the pudding, heat the milk and sugar in a pot until it reaches a low boil. Mix the cornstarch and cocoa powder with a small amount of the hot milk and stir it into the pot. Cook the mixture until it thickens and remove it from the heat. Pour the pudding into individual serving dishes and allow it to cool before serving.",alpaca
Compose lyrics for a folk song.,"Verse 1:
In this land we stay alive
Not a moment of the dark can make us hide
For those that come and dare to try
Will find that strength is all they need to thrive

Chorus:
Rise up and stand, let your voice be heard
Let the world know that your courage is cured
Be brave, be bold, it's time to be sure
To bring a peace this world has never known before

Verse 2:
We have come from many places
Of every kind and every race
Though our stories differ so untold
We stand together and break through the cold

Chorus:
Rise up and stand, let your voice be heard
Let the world know that your courage is cured
Be brave, be bold, it's time to be sure
To bring a peace this world has never known before

Verse 3:
Let's come together, from here and beyond
We have the power to make a new bond
To make a change and spread the light
Let us be fearless and stand up with might

Chorus:
Rise up and stand, let your voice be heard
Let the world know that your courage is cured
Be brave, be bold, it's time to be sure
To bring a peace this world has never known before",alpaca
Analyze the stock performance of Apple in the last two years.,"Apple (AAPL) stock has had a strong performance over the last two years, with the stock price increasing from around $145 in February 2018 to over $350 in February 20",alpaca
Brainstorm 10 products a hotel should offer.,"1. Complimentary breakfast 	
2. Concierge service 	
3. Wi-Fi access
4. Airport shuttle
5. Valet parking 	
6. Laundry services
7. Gift shop 
8. Room service 	
9. Spa treatments 	
10. Lounge and bar area.",alpaca
Generate a list of three social events that someone could attend in the next month.,"Some social events you could attend in the next month include an outdoor movie night, an outdoor art show, and a community picnic.",alpaca
"Analyze the following sentence and explain why it is meaningful: “Life is a journey, not a destination.”","This sentence emphasizes that life is not about the end result, but about the journey and the experiences that come with it. It suggests that the purpose of life is to savor every moment and enjoy the journey rather than rushing to the finish line.",alpaca
Name three influential works of art from the late 19th century.,"Starry Night (Van Gogh, 1889), The Scream (Munch, 1893), and Mona Lisa (Da Vinci, 1503-1519).",alpaca
Name five reasons why you should use a password manager,"1. Increased security: Password managers are designed to ensure your data is secure and keep it away from hackers. 
2. Easy access: All your accounts and passwords can be accessed from a single platform.
3. Automated password storage: The password manager automates the storage process and can generate complex passwords for you.
4. Password sharing and syncing: Password managers make it easy to share and sync passwords between multiple devices.
5. Auto-fill: Password managers can auto-fill forms and credentials, cutting down on the time you spend logging into accounts.",alpaca
Provide 5 ways to increase your productivity.,"Five ways to increase productivity include:
1. Setting achievable goals and breaking them into smaller tasks.
2. Taking regular breaks to help maintain focus.
3. Prioritizing tasks and focusing on the most important ones first.
4. Eliminating distractions by turning off notifications.
5. Creating a well-lit, organized and comfortable workspace.",alpaca
Provide one example of a winter inspired painting.,"One example of a winter inspired painting is The Wild Swans at Coole by Jack B. Yeats. This painting depicts the swans at dusk on a winter's day, a scene which has been described as having a ""deep and almost chill silence"".",alpaca
Describe a situation in which a team succeeded despite tight deadlines.,"A team was able to successfully complete a project despite a tight deadline by staying organized and being very communicative. Each team member was assigned specific tasks that needed to be completed within a certain timeframe. This allowed them to keep a clear focus on their goals and keep track of their progress along the way. The team members also had regular check ins with each other to discuss their progress and troubleshoot any issues that came up. By staying organized and communicative, the team was able to meet their goal within the timeframe.",alpaca
Write the hexadecimal code for the RGB color #9900FF,The hexadecimal code for the RGB color #9900FF is #9900FF.,alpaca
"Write a story starting with ""He had always wanted to visit the moon"".","He had always wanted to visit the moon ever since he was a kid, but it seemed like a farfetched dream. He was in college now, and he was still dreaming of this incredible achievement. He read books, researched topics, and kept up to date with the latest news and trends in space exploration. Finally, after years of hard work, he had accumulated enough money to make his dream come true. He bought a ticket to a space shuttle, and on the night of the launch, his entire family was there to see him off. 

The ride to the moon was filled with a mix of excitement and nervousness. He was finally achieving something he had always wanted to do. After a few days of travel, they finally arrived. He stepped out of the shuttle and was in awe of the beauty of the moon. The stars that he had read about and dreamt of, were right there in the sky. The craters and mountains that he had read about were right there too. He had an emotional moment as he realized he was actually standing on the moon. He had made it. 

He spent days exploring every nook and cranny of the surface of the moon. He wandered around, soaking in the beauty of these strange and majestic landscapes he had only seen in books. After a few weeks of exploring, he was finally ready to go back home. As he took the first few steps back on to earth, he couldn't help but feel a sense of accomplishment, of pride, and happiness. He had made it. He had finally visited the moon.",alpaca
Write an article about the current state of online education.,"The current state of online education is rapidly evolving. In the past decade, online learning has become increasingly popular as an affordable, convenient way to learn new skills, gain knowledge, and even complete college degrees. In today's digital era, more and more schools are transitioning to online classes, making the concept of distance learning more accessible than ever before. Additionally, advancements in technology have made it easier for students to interact with their classmates and professors virtually and participate in collaborative activities. With the rise of self-paced learning platforms, such as Khan Academy and Coursera, it has become even easier for students to receive quality education from the comfort of their homes.",alpaca
Compose a limerick that celebrates the joy of autumn.,"As leaves drift down to the ground
Autumn joy will be found
In the spicy scent of stew
And the sights we all view
To usher in a joyous sound.",alpaca
Create a content plan for a blog post about the benefits of using voice recognition technology.,"Content Plan for a blog post about the benefits of using voice recognition technology: 
- Introduction to voice recognition technology and how it works 
- Benefits of using voice recognition technology, including accuracy, speed, and convenience 
- Challenges faced, such as security and false recognition
- Discussion of how voice recognition technology can be used in various situations 
- Summary and conclusion.",alpaca
Find a recipe for fruit pizza.,"A typical recipe for fruit pizza includes preparing a sugar cookie crust, then spreading cream cheese frosting over it. After the crust has cooled, add sliced strawberries, blueberries, kiwis, and mandarin oranges for topping. Finally, drizzle melted chocolate over the top, and enjoy!",alpaca
"Identify the figure of speech in the following phrase: ""He is the king of the jungle.""","The figure of speech in the phrase ""He is the king of the jungle"" is a metaphor.",alpaca
Compose a dialogue between an animal and a plant.,"Animal: Hey there Plant! How's life been treating you? 

Plant: Life's been really great! I've been soaking up the sun and getting lots of nutrients from the soil. How about you?

Animal: Things have been going alright. I've been scurrying around and looking for food. The weather has been nice too.

Plant: That sounds like fun! I'm glad you're getting to enjoy the nice weather and are doing well.",alpaca
Name three endangered animal species.,"Three endangered animal species are the Chinese Giant Salamander, the mountain gorilla, and the black rhinoceros.",alpaca
Describe why making a decision can be difficult.,"Making a decision can be difficult because there are many factors to consider. Often times, it can be hard to weigh the pros and cons or make a choice between good and bad options. Additionally, it can be difficult to know what the long-term impacts of a decision may be, leading to confusion and anxiety.",alpaca
Generate a username for Jane Doe.,jane_doe007,alpaca
"Identify the figure of speech used in the phrase ""Every cloud has a silver lining"".","The figure of speech used in the phrase ""Every cloud has a silver lining"" is a metaphor. It is used to compare two seemingly unrelated things to highlight a point of similarity between them.",alpaca
Find the most similar historic event to World War II.,"World War I, which was fought between 1914 and 1918, is considered to be the closest in terms of casualties, physical destruction, and global impacts. The two wars were instigated by aggressors and sparked off escalating hostilities which led to the eventual involvement of the major world powers at the time. Both wars featured heavily mechanized warfare and unprecedented mobilization of soldiers and resources resulting in unprecedented loss of life and destruction.",alpaca
"Please produce an antonym of the word ""easy"".",Difficult.,alpaca
Why are first aid kits important?,"First aid kits are important because they provide basic supplies and materials that can be used to treat injuries and prevent further harm. They contain items such as bandages, antiseptics, and pain relievers that can be used to help manage pain and promote healing. Having a first aid kit available can also help reduce the stress of dealing with an emergency situation. It is important to have one readily available at home, work, and when traveling.",alpaca
Generate a name for a data analysis company.,DataVista Solutions.,alpaca
"Who wrote the song ""Yesterday""","The song ""Yesterday"" was written by Paul McCartney and released by The Beatles in 1965.",alpaca
Suggest an idea for a new business based on the growth of online sales,"A new business idea could be an online store that sells warehouse storage solutions such as commercial shelving, storage bins, and other related products for businesses and individuals. The store would allow customers to purchase these items and have them delivered directly to their doors.",alpaca
Can you provide some information on the symptoms of the coronavirus?,"The most common symptoms of COVID-19 include fever, dry cough, fatigue, and difficulties breathing or shortness of breath. Other symptoms may include headache, sore throat, runny nose, muscle or joint pain, loss of smell or taste, chest pain, and extreme exhaustion.",alpaca
Obtain the price of a Bitcoin in US Dollars for the day.,"The price of a Bitcoin in US Dollars as of today is $9,939.71.",alpaca
Who is the executive chair of Alphabet Inc.?,The executive chair of Alphabet Inc. is John L. Hennessy.,alpaca
"Which of these two countries have higher population density, France or India?",India has a higher population density than France.,alpaca
Name an existing product that uses Machine Learning,Google's Smart Reply feature is an example of a product that uses Machine Learning.,alpaca
What is a comparative analysis?,"A comparative analysis is a type of analysis used to compare two or more things in order to identify similarities and differences between them. This type of analysis is often used in business to compare different products, services, or strategies in order to determine the best or most effective option. It can also be used to compare organizations, texts, or histories. Comparative analysis attempts to identify the relative advantages and disadvantages of each option to enable assessment of their value and suitability. It is an important tool for making decisions and critical judgments.",alpaca
"write a child-friendly definition for the term ""augmented reality"".","Augmented Reality (AR) is a type of technology that blends digital information with the world around us. AR can show you things that you wouldn't normally see, like exciting 3D images and animations. It's like looking through a window into a different world that could be right in front of you!",alpaca
"Write two sentences using the word ""covetous"".","The child was filled with covetous desire as they eyed their siblings toy. 
The man was covetous of his neighbor's luxurious lifestyle and wished for the same.",alpaca
Describe what a good leader should possess,"A good leader should possess qualities such as determination, integrity, accountability, respect, empathy, self-confidence, and communication skills. They should also be able to motivate and inspire others, create and follow a plan, and think strategically.",alpaca
Suggest a name for a new frozen yogurt shop.,Froz'n Grinz.,alpaca
"Analyze the article ""The Social Media Revolution"".","The article ""The Social Media Revolution"" discusses the impact of social media on today's world. It examines how these platforms have changed the way people communicate, with a particular focus on younger generations. The article argues that the proliferation of social media has had a number of advantages, such as the ability to connect with people worldwide, access to news and information in real-time, and increased mobilisation of people and movements. 

However, it also acknowledges the negative aspects of social media, such as the potential to filter out diverse perspectives and to form virtual echo chambers. Further, it discusses the potential impact of social media on mental health, and how the platforms can be used to manipulate public opinion. Ultimately, the article concludes that while social media has great potential to unite people, it is important to be aware of its potential pitfalls and to learn from it in order to make the most of its advantages.",alpaca
Suggest a party theme for a 15-year-old girl's birthday party.,"A perfect party theme for a 15-year-old girl’s birthday party would be a Spa Day. The girl and her friends can spend the day pampering themselves with manicures, pedicures and facials. The decorations can include fluffy pillows and blankets and indulgent treats like chocolate covered strawberries and scented candles. They can also transform the space into a spa-like atmosphere by playing relaxing music, dimming the lights, and setting the mood with scented candles.",alpaca
"Refute the following statement ""The use of alternative energy sources is a waste of money"".","The use of alternative energy sources is not a waste of money, but a wise investment in our future. Alternative energy sources are renewable and sustainable, helping to reduce our reliance on traditional energy sources like coal and oil, which are finite and can cause pollution and harm to the environment. Additionally, investments in renewable energy sources can create jobs, improve economic growth, and help to reduce long-term energy costs. For example, many countries are now turning to solar and wind power in order to save money on energy costs, while also protecting the environment in the process. Ultimately, investing in alternative energy sources is a worthwhile endeavor that has the potential to benefit our economy and environment.",alpaca
Create a funny one-liner.,"I used to think the brain was the most important organ. Then I thought, look what's telling me that!",alpaca
Create a list of the top 10 advantages of living in a city,"1. Access to a variety of entertainment and cultural events 
2. Better job opportunities 
3. Easy access to global education 
4. Adequate transport facilities 
5. Access to better healthcare 
6. More shopping, dining and recreational options 
7. Better career networks 
8. Variety of high-end housing options 
9. More social interactions 
10. Better security for residents.",alpaca
Generate an anti-bullying slogan.,"""Spread kindness not hatred: don't bully!""",alpaca
"Classify the following sentences as true or false: ""An Apple is a type of fruit"".",True.,alpaca
What would you do if you find a lost item?,"If I found a lost item, I would first try to find the owner. I would check the item for an identification tag or a contact number. If I couldn't find any information, I would turn it over to the lost and found at the nearest Police station or other local service.",alpaca
Make a recommendation for a family movie,"I recommend the family movie ""Toy Story"", which follows the adventures of Woody, Buzz Lightyear and the other toys as they come to life when their owners are not around. It's a great movie for the whole family and entertaining for both adults and kids.",alpaca
"Find a word that means ""an intense feeling of deep affection"".","The word for ""an intense feeling of deep affection"" is 'adoration'.",alpaca
Suggest a way to organize a closet efficiently.,Organize clothes by type and color. Use shelves and dividers to separate items and stack similar items in clear bins or boxes.,alpaca
Create a data structure to store messages,"A data structure that could be used to store messages would be a doubly linked list. This data structure provides a way to store messages in a reverse chronological order, allowing for retrieval of the most recent messages. Additionally, a doubly linked list provides an efficient means to add and delete messages, as well as efficient searching capabilities.",alpaca
Give an example of a data mining problem that consists of open-ended generation.,"An example of a data mining problem consisting of open-ended generation is text summarization. Using techniques such as machine learning and natural language processing, a text summarization system can automatically create summaries of long text documents by extracting the important facts and ideas and condensing them into a shorter, more readable version.",alpaca
"Write a brief description of the benefits of the following technology, AI Chatbots.","AI Chatbots are automated programs that can mimic conversation with human users to interact with them autonomously. They are widely used in customer service, marketing, and other areas. AI Chatbots can provide great benefits such as 24/7 customer service, improved customer experience, increased efficiency, cost savings, better understanding of customer needs, and enhanced scalability. They are also capable of gathering insights and analyzing customer data to help make better decisions. All of these features combine to provide real value and convenience to businesses and customers alike.",alpaca
What kind of method could be used to optimize a website for SEO?,"There are a few methods that can be used to optimize a website for SEO. These include optimizing page titles and descriptions, using key words and phrases, creating quality content, and making sure the website is mobile-friendly. Additionally, it is important to build backlinks and improve the website's load speed, as well as add an XML sitemap and image alt tags to help search engines crawl the website more effectively.",alpaca
"Categorize the following emotions: joy, confusion, sadness.","The following emotions can be categorized as follows: 
- Joy - Positive emotion
- Confusion - Neutral emotion
- Sadness - Negative emotion",alpaca
Make a list of 5 assumptions of the normal distribution,"1. The data has a symmetric bell-shaped curve.
2. The mean, median, and mode are equal.
3. The data is unimodal.
4. The variance and standard deviation are finite.
5. 68% of the data is within one standard deviation of the mean.",alpaca
What are the main benefits of eating a vegan diet?,"The main benefits of eating a vegan diet include improved health, weight loss, protection from diseases, reduced impact on the environment, and saved animal lives. Eating vegan eliminates all animal-based products, meaning that vegans are less prone to many diseases, such as certain types of cancer, diabetes, and hypertension. Furthermore, vegans tend to have lower cholesterol levels and blood pressure compared to non-vegans. A vegan diet is also known to help with weight loss and improve overall health due to its high content of dietary fiber and vitamins. Additionally, a vegan diet has a significantly lower carbon footprint, helping to reduce one's impact on the environment. Finally, a vegan diet is beneficial to animals, as it does not require the deaths of any animals for food products.",alpaca
Describe a way in which a person can save money.,"One way to save money is to budget and track your spending so that you can identify areas of unnecessary spending and cut back on them. You can also create an emergency fund for unexpected expenses and save for your future by investing in stocks, mutual funds, and other investment vehicles. Additionally, you can take advantage of sales and discounts when shopping, and look for creative ways to save money, such as carpooling or cooking meals at home.",alpaca
Create a dictionary of chemical elements and their symbols.,"elements = {
    'Hydrogen': 'H',
    'Helium': 'He',
    'Lithium': 'Li', 
    'Berylium': 'Be',
    'Boron': 'B',
    'Carbon': 'C',
    'Nitrogen': 'N',
    'Oxygen': 'O',
    'Fluorine': 'F',
    'Neon': 'Ne',
    'Sodium': 'Na',
    'Magnesium': 'Mg',
    'Aluminum': 'Al',
    'Silicon': 'Si', 
    'Phosphorus': 'P',
    'Sulfur': 'S',
    'Chlorine': 'Cl',
    'Argon': 'Ar',
    'Potassium': 'K',
    'Calcium': 'Ca'
}",alpaca
Generate a list of skills needed to become a successful entrepreneur.,"- Financial literacy
- Communication skills
- problem-solving skills
- Business acumen
- Marketing and sales skills
- Strategic planning
- Critical thinking
- Decision making
- Leadership
- Self-motivation
- Adaptability
- Risk management
- Time management
- Self-awareness
- Creativity
- Organization
- Networking
- Pitching and presenting
- Persuasion and negotiation
- Resourcefulness
- Public speaking.",alpaca
From what age can a child legally stay home alone?,"The law does not set a specific age at which a child can stay home alone. However, it is generally recommended that children under the age of 12 should not stay home alone, due to the potential risk of injury or harm. Parents should assess their child carefully and ensure they are comfortable and safe when left at home without adult supervision.",alpaca
Write a blog post on why small businesses should invest in SEO,"Small businesses are always looking for effective ways to engage customers and increase their revenues. Investing in search engine optimization (SEO) can be one of the most effective tools for achieving this goal. SEO is a powerful tool that can increase visibility and traffic to a small business website, allowing them to reach a wider audience. SEO strategies can also help small business websites rank higher in organic search engine results, allowing them to outrank their competitors and increase leads and sales. Furthermore, SEO is a cost-effective marketing tactic that can produce measurable results in the short term, making it an attractive option for small businesses.",alpaca
"What is the annual precipitation in San Francisco, California?","According to the National Weather Service, San Francisco, California has an average of 23.64 inches (601.7 mm) of precipitation per year.",alpaca
Give 5 examples of common family values.,"Common family values include respect, responsibility, trust, compassion, and honesty. In addition, personal growth, communication, education, commitment, and good health are also important values to have in a family.",alpaca
What is one way to measure the success of a business?,"One way to measure the success of a business is to look at its financial performance - including revenue, profit and cash flow. Other measures of success may include customer satisfaction, market share, and employee engagement.",alpaca
Generate an idiom about a sports game.,A sports game is like a game of chess - you have to think several steps ahead in order to succeed.,alpaca
Explain the main parts of a nuclear power plant.,"A nuclear power plant consists of a nuclear reactor, a steam turbine, a generator, a cooling system, and associated control systems. 

The nuclear reactor generates heat by fission reactions inside its core, and this heat is used to generate pressurized steam. This steam then passes through a steam turbine to generate electricity. The generator uses the electricity to create an alternating current that is then sent to the power grid. 

The cooling system circulates water around the core of the reactor to regulate its temperature and pressure. This cooling water is then cycled back around the reactor to be reheated and used again.

Finally, the control system uses a combination of computers, sensors, and valves to monitor and regulate the nuclear reaction and the electricity grid. It also monitors the environment to prevent any radiation leaks.",alpaca
How does a hot-air balloon fly?,"A hot-air balloon flies when the air inside the balloon is heated by a burner. The hot air is less dense than the cold air outside of the balloon, so the balloon rises and floats. As the air inside the balloon cools, the hot-air balloon descends.",alpaca
Analyze the effect of computer vision on healthcare.,"Computer vision has been revolutionizing the healthcare industry. It is being used for automating tedious and complex medical processes, helping doctors diagnose diseases faster and more accurately, and enabling better decision making through predictive analytics and imaging. Computer vision also assists in surgical operations by providing valuable insights, helping doctors identify and address potential issues quickly, and providing detailed real-time visual information. In addition, computer vision enables medical professionals to remotely monitor patients and provide timely interventions.",alpaca
Provide an example of a task that requires logical reasoning.,"One example of a task that requires logical reasoning is solving a complex math problem. In order to solve the problem, the person must understand the different mathematical operations, how the operations are related to each other, and how to use logic to come up with the correct solution. Another example of a task that requires logical reasoning is computer programming. The programmer must understand the different computer commands and how they interact with each other in order to create a working program.",alpaca
Describe a decision making process.,"A decision making process is a structured approach to examining a problem, collecting information, identifying alternatives, analyzing each alternative, and selecting the best course of action. The first step is to define the problem, including gathering relevant data. The second step is to generate alternative solutions. The third step is to evaluate the alternatives and select the best one. Finally, the decision should be implemented, monitored, and reassessed as necessary.",alpaca
Generate a sentence of poignant and graceful prose.,"The stars glittered above her like a thousand fireflies, signifying the promise of a better tomorrow.",alpaca
Create a list of outdoor activities for adults.,"Here are some outdoor activities for adults:
- Going on a hike
- Camping
- Kayaking
- Rock climbing
- Surfing
- Fishing
- Canoeing
- Skiing
- Skateboarding
- Horseback riding
- Paintball
- Bike tours
- Archery",alpaca
Create a list of 10 random numbers between 1 and 100.,"[15, 42, 89, 93, 28, 64, 23, 81, 11, 52]",alpaca
What are the best strategies for learning a new language?,"The best strategies for learning a new language include immersing oneself in the language through books, movies, music, and conversations, using a flashcard system to learn new words and phrases, practicing writing and speaking the language, and focusing on language elements that are unique or difficult to master. Additionally, finding a language exchange partner or taking language classes can be a great way to learn a new language.",alpaca
Suggest a catchy name for a website to sell vintage clothes.,VintageVibes.com,alpaca
Classify the following as a chemical or physical change: A metal object rusts in water.,Chemical change.,alpaca
Find 3 people to join an online discussion group.,"John Smith, Sally Jones, and Adam Wilson would be good people to join an online discussion group.",alpaca
Compute the exponential of 6 to the 3rd power,216.,alpaca
Summarize the Oxford English Dictionary.,"The Oxford English Dictionary is the definitive historical dictionary of the English language, with detailed information on the origins of over half a million words. Its vocabulary ranges from Anglo-Saxon times to the present day, providing insights into the English language's long, complex history. The dictionary also has in-depth coverage of regional and international English. The dictionary is available in numerous formats, such as print, online, and digital. It is an invaluable resource for lexicographers, writers, readers, and all language lovers.",alpaca
Suggest a framework for developing a predictive analytics model.,"A framework for developing a predictive analytics model includes the following steps: data collection, data cleaning and preparation, model selection and training, model testing and validation, deployment and monitoring.",alpaca
Name three things people can do to help the environment.,"Three things people can do to help the environment are reduce their consumption of single-use plastics, switch to renewable energy sources, and reduce their carbon footprint.",alpaca
Differentiate between speed and velocity.,"Speed is a scalar quantity that describes how quickly an object is moving, while velocity is a vector quantity that describes both the speed and direction of an object's motion.",alpaca
Explain the composition of rich soil.,"Rich soil is composed of a mixture of minerals, nutrients, organic matter, and microorganisms. The minerals contribute to soil structure and provide essential elements like calcium, magnesium, and potassium that are important for plant growth. Nutrients, contained in organic matter, provide essential plant nutrients such as nitrogen, phosphorus, and sulfur. Microorganisms work to break down organic matter, releasing and cycling essential nutrients in the soil. This rich soil is essential for optimal plant growth.",alpaca
"Translate the phrase ""Let’s have fun"" into Spanish",¡Vamos a divertirnos!,alpaca
Summarize the major differences between inherited traits and learned behaviors,"Inherited traits are characteristics that are passed down from parent to offspring and are determined by genes. Learned behaviors, on the other hand, are behaviors that are acquired by an individual based on habits, environment and experiences. Inherited traits are typically not influenced by the environment, while learned behaviors are heavily influenced by environmental factors. Inherited traits can include physical characteristics, such as eye color, or mental characteristics, such as personality traits. Learned behaviors, on the other hand, can range from skills, such as playing an instrument or driving a car, to more complex behaviors, such as language acquisition or morality.",alpaca
List three reasons why learning an additional language is beneficial,"Learning an additional language has many benefits. Some of these are: 
1. Increased opportunities to work and study abroad, as well as better job prospects.
2. Improved communication skills, enabling better social integration and understanding of different cultures.
3. Enhanced cognitive processes, including improved problem solving and creativity, as well more detailed memories and wider vocabulary.",alpaca
Give five tips to stay healthy during lockdowns.,"1. Stick to a routine: Setting a schedule for the day can help you feel organized and in control.
2. Exercise: Aim to get at least 30 minutes of physical exercise each day like jogging, walking, or bodyweight exercises.
3. Make time for relaxation: Unplugging your devices, taking some time to meditate or practice yoga can help keep stress levels low. 
4. Eat healthy meals: Eating healthy meals like fruits, vegetables, and proteins will help you maintain your energy levels and stay positive.  
5. Connect with people: Make time to stay connected with friends or family through phone, video call, or online. This can help alleviate loneliness and keep you feeling connected.",alpaca
Describe the current risks of using Twitter.,"Using Twitter carries several risks including cyberbullying, online harassment, and the potential spread of false information or malicious content. It is also important to protect personal information online and to be aware of identity theft, data tracking, and phishing scams.",alpaca
Formulate a hypothesis about the following situation: A sink is overflowing.,"The hypothesis is that the sink is overflowing due to a blockage in the drain, a faulty seal, or the valve being left open.",alpaca
Come up with a sentence in which alliteration is used.,Pete placed the purple piggingon in the park.,alpaca
Solve 8 x 8.,64,alpaca
What is the maximum depth of a binary tree with five levels?,The maximum depth of a binary tree with five levels is 4.,alpaca
Describe the concept of preventative health care.,"Preventive health care is a type of care that focuses on preventing illness and providing early diagnosis and treatment of health problems before they become serious. It includes regular check-ups and health screenings, lifestyle counseling and immunizations. The goal is to help people live a healthier life and detect any potential health problems before they become more serious. Preventive health care is an important part of overall health care, as it helps to limit both the cost and severity of health problems that may occur.",alpaca
"Create a new sentence with the same meaning as the following sentence, but with a different structure: ""I played basketball with my friends.""",My friends and I played basketball together.,alpaca
Name two tools that a carpenter would use,A carpenter would use a saw and a hammer.,alpaca
Create a 5-step to-do list for tomorrow.,"1. Wake up at 8am
2. Start the day with a 30-minute walk
3. Have breakfast 
4. Work on the project for three hours
5. Have a healthy lunch 
6. Take a break 
7. Work on the project for two hours 
8. Spend time with family 
9. Have a healthy dinner 
10. Wind down for the evening",alpaca
Create a conclusion paragraph for a persuasive essay on the importance of voting.,"Voting is a fundamental right of every citizen and a responsibility that we must take seriously. It is vital to the functioning of a healthy democracy, as it allows citizens to have their voices heard as well as having a direct effect on who represents them and the policies that are implemented. The consequences of not exercising this important privilege could be severe, from a lack of representation to allowing certain policies to be enacted that endanger our civil rights and liberties. We all must take action to ensure that we continue to have a strong and fair democracy by using our right and privilege to vote.",alpaca
Find the total revenue generated from selling 100 pens.,The total revenue from selling 100 pens is $100.,alpaca
Create a training plan for someone who wishes to run a 5K marathon.,"A training plan for getting ready for a 5K marathon should be tailored to the individual's fitness level and goals. Generally, a plan should include three types of workouts: 1) endurance runs (long runs at a slower pace); 2) speed runs (shorter runs at a faster pace); and 3) interval runs (alternating faster and slower runs). 

The overall goal should be to gradually increase the frequency, duration and intensity of the runs. This can be achieved by gradually adding more distance each week, increasing the speed, and running hills and stairs. Additionally, strength and mobility exercises such as squats, lunges, and stretches should be included in the plan. Rest days are also important to ensure that the body is able to recover effectively. 

By following a well-structured training plan, anyone should be able to prepare and reach the finish line of a 5K marathon.",alpaca
When is the best time of day to exercise?,"The best time of day to exercise is whatever time of day works best with your schedule and when you can commit to it consistently. Everyone is different, but for those who are able tofit in a workout during the day, studies suggest the best time to exercise is in the afternoon. This is because exercising at this time of day gives your body the highest level of energy and enables you to work out more effectively.",alpaca
Determine if the statement is true or false. El Nino is a weather phenomenon that occurs yearly.,"True, El Nino is a weather phenomenon that occurs periodically.",alpaca
Describe the ability to focus.,"Focus is the ability to concentrate and pay attention to something for a period of time. It involves ignoring distractions and becoming absorbed in a task. This ability is important for many tasks and is necessary for achieving high-level performance. Developing focus requires discipline and practice, such as setting aside specific time for completing goals and being mindful of distractions.",alpaca
Explain what a simile is and give an example of one.,"A simile is a figure of speech that compares two things using the words ""like"" or ""as"". For example, the sky is like a vast ocean of stars.",alpaca
Identify an example of a technology-enabled business model that could improve customer engagement.,"An example of a technology-enabled business model that could improve customer engagement is subscription-based models. Subscription based models allow companies to offer their services on a regular, recurring payment schedule. This allows customers to easily budget for their services and provides steadier long-term stream of revenue for the company. It also likely increases customer loyalty and reduces churn since customers have a reason to keep coming back. Additionally, with the data collected from these regular payments, companies can gain better insights into their customers' preferences and behavior. This can help them develop more targeted and personalized services or rewards to further engage their customers.",alpaca
Name three books that are considered classics and explain why each one is important.,"Three books that are considered classics are ""Frankenstein"" by Mary Shelley, ""The Great Gatsby"" by F. Scott Fitzgerald, and ""Pride and Prejudice"" by Jane Austen. ""Frankenstein"" is important for its exploration of science and its moral implications, while ""The Great Gatsby"" is a timeless story of the futility of the American dream. Lastly, ""Pride and Prejudice"" is considered a classic because of its intricate themes of love and social class.",alpaca
Suggest ways to motivate elderly people to exercise.,"One way to motivate elderly people to exercise is to get them to set goals and reward themselves when they reach those goals. Setting sensible, manageable aims can help older people stay focused on their exercise routine. Additionally, adding a social element to exercise can be beneficial. Group activities or classes can help motivate the elderly by providing a sense of social interaction and inclusion. Finally, providing motivation in the form of rewards for reaching goals can further encourage elderly people to keep exercising. This could take form of small gifts or treats such as a nutritious snack or special items.",alpaca
Name a type of energy transformation.,An example of an energy transformation is the conversion of chemical energy to heat energy.,alpaca
Invent a new sport,"A game of 'rollsmith' could be played with two teams of four players each, who must attempt to roll their own balls up a grassy hill before the opposing team does, by any means necessary. The team to get their ball to the top first, wins.",alpaca
Design a social media post to promote a new product.,"Introducing the new and improved [product name]! Made with the finest materials, this product is perfect for [user need and/or application]. Make sure to check out our website for more information about this great product! #[productname] #[brandname] #newproduct",alpaca
What are the products produced by Microsoft?,"Microsoft produces a wide range of products, such as the Windows operating system, Office Suite, Xbox gaming console, Surface computers and tablets, Cortana digital assistant, and the Windows Phone.",alpaca
Generate a list of healthy home-cooked meals that can be easily cooked in less than 15 minutes.,"1. Spaghetti Bolognese
2. Grilled Chicken & Sweet Potato Salad
3. Egg & Vegetable Stir Fry
4. Quinoa & Spinach Salad
5. Turkey Burgers & Sweet Potato Fries
6. Salmon & Green Beans
7. Peanut Butter & Banana Toast
8. Tuna & Avocado Wrap
9. Veggie Fried Rice
10. Omelette & Avocado Toast 
11. Cauliflower & Broccoli Cheese Casserole
12. Greek Yogurt Bowl
13. Chicken & Broccoli with Rice
14. Avocado & Black Bean Quesadilla
15. Zucchini & Carrot Soup",alpaca
Compare and contrast the artistic styles of impressionism and expressionism.,"Impressionism and Expressionism are both artistic styles, but they differ in their approach to art. Impressionism is a style that emphasizes the artist's individual perception of a scene, focusing on light and color to capture a fleeting moment in time. Expressionism, on the other hand, is a more emotionally driven style that focuses on the artist's inner feelings and emotions, often resulting in paintings with chaotic, distorted, and lively compositions. While both styles can be used to capture the artist's subjective interpretation of their environment, Impressionism is more focused on the artist's representation of what they physically see, and Expressionism focuses on the artist's emotional or spiritual interpretation.",alpaca
Trace the origin of the name ‘Africa’,The name ‘Africa’ has its roots in the Latin language. The name has its origins in the Latin word ‘Aphrike’ which translates to ‘without cold’ or ‘warm climate’. The name was likely derived from the Phoenician word ʿafar meaning ‘dust’. The name was then used by the Romans to refer to the ‘sunny’ continent and it has become the commonly used name for the continent of Africa.,alpaca
Describe the structure of a typical cell.,"A typical cell consists of a membrane, cytoplasm, nucleus, nucleolus, mitochondria, and various other organelles. The membrane encloses the other components and separates the cell from its environment. The cytoplasm is a semi-liquid layer within the cell's membrane. It contains the organelles and is the site of most biochemical reactions. The nucleus contains genetic material, while the mitochondria is responsible for energy production. Other organelles include endoplasmic reticulum and Golgi apparatus.",alpaca
Write a creative introduction for a piece of writing about nature.,"The beauty of nature is always an inspiring delight, like a luminous painting of vibrant colors spanning far and wide, filled with the energy of life and stories that have yet to be told.",alpaca
How can using technology help tackle hunger?,"Using technology can help tackle hunger by improving farming productivity, connecting farmers with markets, creating early warning systems, improving access to food and agriculture information, managing data and tracking processes, and helping with nutrition education.",alpaca
"Analyze these lyrics: ""Just a small town girl, living in a lonely world"".","The lyrics suggest a person in a small town who feels disconnected and isolated. The phrase ""lonely world"" implies that the person may feel like they are the only one in their situation, with no one to relate to.",alpaca
List five countries in Europe.,"The five countries in Europe are Germany, France, Italy, Spain, and the United Kingdom.",alpaca
List five objects found in a kitchen.,"Stove, refrigerator, sink, dishwasher, kitchen table.",alpaca
Construct an analogy to explain why data preprocessing is important.,"Data preprocessing is like washing and drying your clothes before you wear them. By preprocessing the data, you remove any dirt, unneeded pieces of clothing, and wrinkles so that your data is cleaner, smoother, and more organized. Without preprocessing, the data may be filled with errors or unorganized, making it difficult to accurately analyze and interpret it. It is therefore important to preprocess the data before any analysis is conducted.",alpaca
Determine the temperature of a cup of coffee with a volume of 250mL and temperature of 70°C,The temperature of the cup of coffee with a volume of 250 mL and temperature of 70°C is 85°C.,alpaca
Generate a piece of free verse poetry about nature.,"The sky so vast and deep,
My heart so still and small.
The gentle breeze, like a whisper of awe,
The sun so bright, its warmth felt all.

All of nature’s beauty, 
A wonder of life so grand.
From the tallest tree to the smallest flower,
We stand in awe of the beauty of the land.

Nature's gifts and guidance, 
So much to learn, explore and see.
Look to the hills and valleys, 
The blessings of the Earth will always be.",alpaca
Create a positive affirmation to motivate someone to work hard.,"I am capable and deserving of success. No matter how many times I fail, I will keep trying until I succeed.",alpaca
Generate an programming code to calculate the sum of two numbers,"def sum_two_numbers(num1, num2):
    summation = num1 + num2
    return summation",alpaca
Develop a list of ten activities to do while working from home,"1. Take regular breaks throughout the day to stretch or go for a walk.
2. Make sure to have a designated work area and keep the area organized.
3. Try to keep the same routine each day, including scheduled lunch and breaks.
4. Make a list of tasks and prioritize them in order to stay focused.
5. Take time to plan meals ahead of time to make sure that you are eating healthy.
6. Utilize online resources to enhance productivity, such as online calendars and to-do lists.
7. Schedule time each day to read, write, or listen to podcasts for self-improvement.
8. Connect with coworkers or friends via videochat for social interaction.
9. Find ways to automate and streamline certain tasks to save time.
10. Set boundaries between personal and work time to ensure that you are not overworking.",alpaca
Write a basic SQL query to calculate the total number of orders in a dataset.,"SELECT COUNT(*)
FROM Orders;",alpaca
Explain the concept of limited liability in business.,"Limited liability is a legal concept which states that shareholders of a business are responsible for its debts only up to the value of the investment they made. That is, if the company fails or is unable to pay its debts, shareholders cannot be held liable for more than the value of their shares. Limited liability protects the shareholders from claims from creditors, making investing in businesses less risky.",alpaca
How can we reduce our carbon emissions?,"Reducing carbon emissions can be achieved in a variety of ways. Firstly, energy efficiency should be improved by maximizing the use and life span of products and services. Additionally, renewable energy sources should be utilized, such as solar and wind. Finally, electric and hybrid vehicles should be used whenever possible, and public transportation should be encouraged. Furthermore, landfill waste should be reduced, and eco-friendly products should be sought out and purchased whenever possible.",alpaca
Create a description for a cloud storage service that combines the features of Dropbox and Google Drive.,"Introducing InCloud — the revolutionary cloud storage service that combines the best features of Dropbox and Google Drive. With InCloud, you can store, manage, and access your files anywhere, anytime. You can easily create and collaborate with teammates, backup and share files, and access and work on any file quickly using your device. InCloud is secure and reliable, so you can trust that your files are safe. Plus, our tools make it easy to control and monitor who has access to your data. Start using InCloud today to unlock the power of cloud storage.",alpaca
"Rearrange the letters in the following word ""twilight"" to form another word.","The word ""twilight"" can be rearranged to form the word ""witting"".",alpaca
Describe the use of water in a nuclear power plant.,Nuclear power plants use water in several ways. Water is used as a coolant to remove heat from the reactor core. It also helps to shield the radiation from the reactor core and to prevent radioactive contamination of the environment. Water is used for steam generation to turn the turbine blades and generate electrical power. The water pumped from the reactor is recyled and filtered to remove any contaminants. This water is then reused in the system.,alpaca
Give an example of a translation from English to Spanish.,"English: I am learning Spanish
Spanish: Estoy aprendiendo español",alpaca
Please use a simile to describe the taste of a honey mustard.,"The taste of honey mustard is like a dance between sweetness and sharpness, with a bit of a tangy kick.",alpaca
In what ways has technology changed the way we live?,"Technology has changed the way we live in myriad of ways. It has opened up new possibilities, enabling us to communicate in ways never before possible. We now have access to vast amounts of information and have unprecedented capabilities to network and socialize online. Technology has enabled us to access more resources for our studies, work and leisure. It has helped create revolutionary products and services, from self-driving cars to home healthcare. It has given us more convenience, efficiency and comfort in the areas of transportation, communication, entertainment and banking. In short, it has transformed the way in which we interact with the world, and the way in which it interacts with us.",alpaca
Find the top 10 cities in the US with the highest population,"The top 10 cities in the US with the highest population are New York City, Los Angeles, Chicago, Houston, Phoenix, Philadelphia, San Antonio, San Diego, Dallas, and San Jose.",alpaca
"Translate the following sentence from English to Spanish: ""My friend has two cats.""",Mi amigo tiene dos gatos.,alpaca
Construct an analogy comparing apples and oranges.,"Apples and oranges are like two sides of a coin - both are fruits, yet they are distinct in color, texture, flavor, and nutritional content. Just like a coin, they may seem opposites on the surface, but they can also be complementary in certain contexts. They can be combined to create a balanced flavor, or enjoyed separately for their unique qualities. Both apples and oranges have a lot to offer and can enrich any dish.",alpaca
"Name the profession of the main character of the movie ""Indiana Jones"".",Archaeologist,alpaca
Explain why the sun appears to move across the sky.,"The sun appears to move across the sky because the Earth rotates on its axis, causing different parts of the Earth to face the sun at different times of day.",alpaca
"State the purpose of each of the following computer components: RAM, CPU, and Hard Drive.","RAM (Random Access Memory): RAM is responsible for temporarily storing data and instructions for programs that are currently running. 

CPU (Central Processing Unit): The CPU is the brain of the computer and is responsible for interpreting and executing instructions from programs. 

Hard Drive: Hard drives are responsible for storing data and information permanently.",alpaca
"Write a simile to compare two of the following words: moonlight, snow, wind.","The moonlight was like a blanket of snow, gently caressed by the wind.",alpaca
Name three main customers of a delivery service.,"The three main customers of a delivery service are businesses, individuals, and institutions. Businesses may use the delivery service for business purposes, such as sending documents or products to customers. Individuals may use the delivery service for personal reasons, such as sending a gift or documents to a friend or family member. Institutions such as hospitals and universities may use the delivery service for medical supplies or documents.",alpaca
Suggest a healthy snack that requires minimal preparation.,"A healthy snack that requires minimal preparation is a piece of fruit and a small handful of nuts or seeds. This provides a perfect balance of proteins, fiber, and healthy fats in an easily-prepared snack.",alpaca
Write an algorithm that sorts an array of integers,"def sort_array(arr)
  sorted = false
  
  while !sorted
    sorted = true
    
    (0...arr.length - 1).each do |i|
      if arr[i] > arr[i + 1]
        arr[i], arr[i + 1] = arr[i + 1], arr[i]
        sorted = false
      end
    end
  end
  
  arr
end",alpaca
List down 5 characteristics of a good employee,"Dependability, good communication skills, strong work ethic, positive attitude, adaptability.",alpaca
Explain why the resolution is important for a document.,"The resolution of a document determines how crisp and clear the visuals, text, and other elements displayed in the document will look. Having a higher resolution ensures all elements are displayed with greater clarity and sharpness, making it easier to read information displayed in a document. Resolution is also important in order to ensure visuals appear as they should and that they use the least amount of memory resources. Lastly, resolution can affect the total file size of documents, which is important when sending them in emails or uploading them onto websites.",alpaca
"Explain the concept of a ""flattening of the curve"".","Flattening the curve is a term used to refer to strategies that can help slow down the spread of contagious diseases, such as lowering the number of cases over a period of time. This can be done by implementing social distancing, wearing masks and other forms of protective measures. This can help ensure hospitals and medical systems are not overwhelmed with a sudden influx of patients.",alpaca
Describe a memorable holiday you had.,"A few years ago I went on an unforgettable holiday. I went to the seaside with my family for a week and the experience was amazing. The weather was perfect, the blue ocean was sparkling, and the sun was shining brightly. We spent the days exploring the beach, had fun swimming and played all sorts of water sports. At night, we stayed on a beautiful island, where we laughed around a campfire and made wonderful memories. This holiday will always be one of my favorite memories.",alpaca
Generate a sheet of paper with a listing of fruits and vegetables.,"Fruits: Apple, banana, pear, avocado, orange, strawberry, cherry
Vegetables: Carrot, potato, spinach, kale, onion, cucumber, lettuce",alpaca
Name five major rivers in India.,"1. Ganges River
2. Brahmaputra River
3. Indus River
4. Godavari River
5. Krishna River",alpaca
Name 3 components of the java virtual machine.,"The Java Virtual Machine consists of three major components: the classloader, the execution engine, and the memory management system. The classloader is responsible for loading Java class files, the execution engine interprets and executes the bytecode, and the memory management system handles dynamic memory allocation.",alpaca
"Construct a sentence using the prompt ""I am feeling"".",I am feeling hopeful and excited about the future.,alpaca
Give four examples of plant-based proteins.,"- Beans
- Lentils 
- Nuts 
- Tofu",alpaca
Generate a short story that includes a basketball game,"Mia was always passionate about basketball. She had grown up in a small town, where the only way to escape was through her love of the game. As she watched her friends laughing and running around on the court, she could feel the spirit of the game enter her soul. She was determined to make it to the big leagues one day.

Today, Mia and her friends were playing their first big game against the town's best players. They had been practicing for weeks, and Mia had the feeling this was her moment to shine. The first quarter started, and soon enough Mia was on the court, leading her team to a strong start. As the game went on, Mia's skill, agility and leadership spoke for itself, and it was clear she was the driving force of the team. Mia scored points with every move she made, and was ecstatic when her team won the last point. Mia and her friends leaped in the air with joy and hugged each other, knowing they had won. As Mia looked ahead, she knew she was closer than ever to achieving her dreams.",alpaca
Compare consumerism and sustainable living,"While consumerism is mainly focused on rapid acquisition of goods and services, sustainable living is focused on living a lifestyle that is mindful of preserving and conserving resources. Consumerism encourages more consumption for short-term gains, whereas sustainable living promotes the use of renewable resources and encourages people to reduce, reuse and recycle. Consumerism focuses on the individual, while sustainable living focuses on the community and the planet.",alpaca
Create three text-based mini-games in Python.,"The three text-based mini-games in Python created are as follows:

1. A Hangman game where the player has to guess the word by entering letters until the word is guessed correctly.
2. A Blackjack game where two players have to draw cards to get as close as possible to 21 points.
3. A Guess the Number game where the player has to guess a random number between 1 and 100.",alpaca
Explain the importance of physical activity for teenagers.,"Physical activity is important for teenagers for a variety of reasons. It helps them maintain a healthy weight and reduce their risk of developing serious health conditions, such as heart disease, diabetes, and certain types of cancers. It also boosts their mood, reduces stress and anxiety, and enhances their self-confidence. Additionally, physical activity can help improve their academic performance by strengthening cognitive functions and improving concentration.",alpaca
What would be a reasonable expectation for returning a borrowed item?,"A reasonable expectation for returning a borrowed item would be to return the item in the same condition as it was borrowed in a timely manner. The amount of time that is considered reasonable would depend on the agreement between the lender and the borrower. If there is not an agreement in place, then it is recommended to assume that the item should be returned within a reasonable amount of time, typically no longer than two weeks.",alpaca
Convert 8.5 m to cm,8.5 m is equal to 850 cm.,alpaca
Name five of the advantages of using a GPT model.,"1. Ability to generate creative and diverse content 
2. The flexibility to operate on various topics 
3. Easily integrate with other systems 
4. Low computational costs 
5. Automatically generate relevant and quality output.",alpaca
"User ""function"" to complete the following sentence: A _____ is a block of code that performs a specific task.",A function is a block of code that performs a specific task.,alpaca
Explain how technology has changed our lives today.,"Technology has had a profound impact on our lives today. From smartphones to social media platforms, technology has made communication easier and faster than ever before. It has also allowed us to access vast amounts of information at the click of a button, helping us stay connected and informed. Technology has also made many tasks easier, from shopping and banking to healthcare and entertainment.",alpaca
Compose a tweet about the benefits of going on a morning walk.,"Start your day with an energizing morning walk! Not only does it put you in a great mood, but it also helps improve your cardiovascular health, boosts your metabolism, and reduces stress and anxiety! #WalkAMile  #MorningRoutine  #HealthyLiving",alpaca
Name five ways to stay safe online.,"Five ways to stay safe online include:
1. Protecting devices with strong passwords;
2. Creating separate accounts for work and personal activities;
3. Doing research about suspicious links before clicking on them;
4. Being careful about sharing personal information;
5. Making sure to download and update anti-virus software regularly.",alpaca
What is the best trading strategy for a beginner investor?,"The best trading strategy for a beginner investor is to start with a conservative approach. This includes researching the markets, understanding the dynamics of different assets, understanding the risks and rewards associated with each trade, and constructing a diversified portfolio.",alpaca
Please make a list of 10 technologies that have transformed the communication industry.,"The following are 10 technologies that have transformed the communication industry: 

1. Internet – It has enabled people to communicate with each other across the world.

2. Social Media – It has improved access to information and enabled people to connect with one another more easily.

3. Smartphones – It has improved access to the Internet and has made communication much faster. 

4. Live Streaming – It has allowed people to broadcast live events to a large audience.

5. Messaging Apps – It has enabled people to communicate using text, video, and audio messages.

6. Video Conferencing – It has allowed people to communicate with others in a virtual setting. 

7. Cloud Computing – It has improved access to data stored on remote servers.

8. Artificial Intelligence – It has helped automate communication processes and improve customer service.

9. Blockchain – It has improved trust across stakeholders and enhanced security.

10. 5G – It will enable faster data download speeds and better connection quality.",alpaca
Describe what a data analyst does in detail.,"A data analyst is responsible for gathering, cleaning, and organizing data from various sources in order to identify trends and insights. They examine the data for patterns and correlations, and generate insights that can be used for decision-making. They create reports and dashboards to communicate results and work with various stakeholders to identify areas for improvement. They also develop predictive models to anticipate trends and outcomes. Data analysts are also often responsible for designing and optimizing data systems, as well as auditing data sources to ensure accuracy.",alpaca
Write a speech introducing yourself to the audience,"Good evening everyone. I'm so glad to be here! My name is [Name], and I'm here to introduce myself to you. I'm [age] years old and I'm a [profession] from [hometown/city]. 
I'm passionate about [3 things related to profession]. I'm here to share my thoughts and experiences with you. 
Through my work I've seen how [impact of your work]. I'm always looking for new and creative ways to improve [field of work]. 
In my free time, I like to [3 hobbies] - it's something I'm really passionate about. 
I'm excited to be here and I look forward to hearing your stories and learning from your experiences. Thank you!",alpaca
Create an analogy to illustrate the concept of a black hole.,"A black hole can be compared to a person with an enormous appetite. No matter what you put in front of them, they will consume it all, never filling up and continually growing hungrier. As more and more mass is added to a black hole, its gravitational pull grows stronger, just as the more a glutton consumes the hungrier he gets.",alpaca
What are the criteria for making a good pizza?,"A good pizza should start with fresh, high-quality ingredients such as cheese, dough, and sauce. The dough should be cooked at a high temperature to give the pizza a crispy texture. The sauce should be flavorful and balanced with the other ingredients. The cheese should be melted correctly and evenly distributed. The toppings should be fresh and complimentary to the other flavors in the pizza. Overall, a good pizza should have a good balance of flavors, texture, and appearance.",alpaca
Create an imaginary animal and describe its characteristics.,"The Corigilus is a mythical creature with colorful wings, a long tail, and a fierce roar. Its bright multicolored wings allow it to fly great distances, while its long and powerful tail helps it to steer in the air. It has sharp claws and talons that can be used for self defense, and its roar can be heard from miles away. Its head is adorned with a striking set of horns and a pair of silver eyes. It is a loyal creature and will protect anyone who shows loyalty towards it.",alpaca
Suggest a creative way to raise money for charity,Organizing a charity scavenger hunt! Create clues that participants must find with donations as the grand prize. People can donate individually or in teams to compete and the donations are used to benefit the chosen charity.,alpaca
What techniques can be used to save energy?,"Some of the techniques that can be used to save energy include unplugging devices that are not in use, using energy-efficient light bulbs, using solar energy, using programmable thermostats, using energy-efficient appliances, and using power strips.",alpaca
"Using the words in parentheses, create a sentence with a precise meaning.",Many people are intrigued by the (possibilities) that artificial intelligence (unlocks).,alpaca
Describe the main character in the novel 'Alice in Wonderland',"Alice is a young girl who, while she reads a book in a meadow, is transported to a strange and wondrous world called Wonderland. She is adventurous and curious, and she takes every opportunity to explore and meet new creatures. She is patient and kind, and uses her wit along with her growing knowledge of Wonderland to solve problems.",alpaca
Name two things that are very closely related.,Salt and pepper.,alpaca
Design an app feature that encourages people to recycle.,"A simple yet effective app feature that encourages people to recycle could be called the “Recycle Rewards” program. This game-like feature would keep track of how much a user recycles and rewards them with points or virtual currency. These points could then be used to redeem discounts or gifts on things like groceries, clothing, and technology. Additionally, users could compete amongst themselves or be placed in teams to see who recycles the most. Furthermore, they could compare their scores with their friends and neighbors.",alpaca
Research and explain what are the properties of a prime number.,"A prime number is an integer that is greater than one and is only divisible by one and itself. It must not have any factors other than one and itself. Prime numbers are important in many areas of mathematics, including cryptography and number theory. They are also used to create composite numbers, which can be further calculated and used for various purposes.",alpaca
Explain how artificial intelligence can be used to detect cyber crime.,"Artificial Intelligence (AI) can be used to detect cyber crime by applying predictive analytics and computer vision to vast pools of data. AI algorithms can be used to identify malicious activity and detect anomalous behavior, as well as study past attack patterns to identify vulnerabilities and mitigate potential threats. AI can also be used to recognize aberrant user behavior, detect sophisticated malicious code, and alert administrators when suspicious activity is detected. By combining AI, machine learning, and natural language processing, it is possible to detect advanced cyber threats in real-time and automate the response to mitigate them.",alpaca
Describe the Aztec calendar,"The Aztec calendar was an adaptation of the Mayan calendar, used by the Aztecs and other Pre-Columbian people in Central Mexico. It was a 365-day calendar that was divided into 18 months, each with 20 days. The remaining 5 days were considered unlucky and were not part of the regular year. The calendar was used to note important religious and social events, as well as keep track of time.",alpaca
Find the biggest chance of rain in the next 10 days.,"The highest chance of rain in the next 10 days is on Saturday, May 8th, with a 78% chance of showers.",alpaca
Generate a metaphor to describe the feeling of being anxious.,"Anxiety is like a storm brewing inside, waiting to be unleashed and wreak havoc.",alpaca
Is the following statement true or false: Stonehenge was built in 1700 BC?,False. Stonehenge was built between 3000 to 2000 BC.,alpaca
Calculate the total cost of purchasing 5 laptops at the price of 899 each.,The total cost of purchasing 5 laptops at the price of 899 each is 4495.,alpaca
Create a form for people to sign up for a newsletter.,"<html>
  <body>
    <form action=""signup.php"" method=""post"">
      <h2>Sign up for our Newsletter</h2>
      <label for=""firstname"">First Name: </label>
      <input type=""text"" id=""firstname"" name=""firstname"" placeholder=""Enter your first name"">
      <label for=""lastname"">Last Name: </label>
      <input type=""text"" id=""lastname"" name=""lastname"" placeholder=""Enter your last name"">
      <label for=""email"">Email Address: </label>
      <input type=""text"" id=""email"" name=""email"" placeholder=""Enter your email address"">
      <br><br>
      <input type=""submit"" value=""Sign up"">
    </form>
  </body>
</html>",alpaca
Give an example of how the internet can be used to help the environment.,"The internet can be used to spread awareness about environmental issues and encourage eco-friendly practices such as recycling, reducing the use of plastics, and conserving energy.",alpaca
Write a description of a person walking in the park.,"John slowly walked down the path in the park. The sun was glistening off the tree leaves, the birds were singing and the occasional squirrel was scurrying by. He was deep in thought, troubled by his current worries. He stopped when he reached a bench and sat down for a few minutes, breathing in the fresh air. He watched the people around him, each of them going about their own busy lives and pursuing their goals. His worries slowly faded away, and he felt the peace of the park all around him. He stood up and, with a newfound sense of serenity, continued his walk, taking in all the beauty of the park.",alpaca
Create a travel itinerary for a family of four.,"Day 1:
-Visit the Natural History Museum
-Have lunch at the National Gallery
-Explore the National Portrait Gallery

Day 2:
-Spend the morning at the Science Museum
-Have lunch at the Design Museum
-Spend the afternoon at the Tate Modern

Day 3:
-Visit the Tower Bridge
-Visit London Zoo
-Tour Buckingham Palace

Day 4:
-Visit Kensington Palace
-Have lunch at the HMS Belfast
-Explore the London Eye",alpaca
Generate a sentence to describe the following: a person sitting on a beach on a sunny day.,The person basked in the warm sunshine as the sound of the waves crashing against the shore filled the air.,alpaca
"Translate the word ""accuracy"" to Chinese.",准确性 (zhǔnquè xìng).,alpaca
Explain the difference between a pilot study and a full study.,"A pilot study is a small version of a full study and is typically used to test the feasibility of the research design, data collection methods, and instruments before launching a full study. A pilot study allows researchers to identify potential issues before they conduct the full study and to make any modifications that might be necessary. In contrast, a full study is the full-fledged version of the research. It typically involves more participants and a more comprehensive data collection and analysis process, and often includes multiple phases.",alpaca
Generate five ingredients for a healthy smoothie.,"1. Banana 
2. Spinach 
3. Strawberries 
4. Almond milk 
5. Greek yogurt",alpaca
Simplify the following fraction 6/18,1/3,alpaca
Name the techniques used to find data anomalies.,"The techniques used to find data anomalies are statistical analysis, clustering, and outlier detection. Statistical analysis is used to detect anomalies by evaluating the distribution of data in relation to a normal distribution. Clustering is used to detect anomalies by grouping similar data points together, and outlier detection is used to identify data points that are significantly different from the rest of the data.",alpaca
"Develop a paragraph using the words ""breeze,"" ""warmth,"" and ""sunshine"".","The warmth of the sun shone down as a gentle breeze blew in. It brought a certain calmness with it and a feeling of serenity. I could smell the distant flowers and feel the grass under my toes as I enjoyed the sunshine. In that moment, all of my worries seemed to magically vanish and I felt enveloped in a sense of optimism. The warmth, breeze and sunshine all seemed to conspire together to give me a beautiful and blissful moment.",alpaca
Tell the assistant to change the background color of a document to blue.,Please change the document's background color to blue.,alpaca
Create a database schema for a user table.,"CREATE TABLE users (
  user_id INTEGER PRIMARY KEY AUTOINCREMENT,
  user_name VARCHAR(255) NOT NULL,
  email VARCHAR(255) UNIQUE NOT NULL,
  password VARCHAR(255) NOT NULL,
  age INTEGER,
  gender VARCHAR(255)
);",alpaca
Give an example of a business opportunity that technology has created in the last 5 years,"One example of a business opportunity created by technology in the last five years is the rise of digital payment services such as PayPal, Venmo, and Apple Pay. This has allowed customers to make purchases and send money digitally without needing cash or a physical card.",alpaca
Suggest two strategies for building trust with a client.,"1. Acknowledge the client’s needs and concerns, and strive to meet them. 
2. Demonstrate trustworthiness through consistently delivering on commitments.",alpaca
Compose a limerick about a snowman.,"There once was a snowman so fair,
He stood in the snow without a care,
His carrot nose twinkled,
His coal eyes twinkled too,
And who knows what he did when no one was there?",alpaca
Find out the even number between 1 and 100.,"2, 4, 6, 8, 10, 12, 14, 16, 18, 20, 22, 24, 26, 28, 30, 32, 34, 36, 38, 40, 42, 44, 46, 48, 50, 52, 54, 56, 58, 60, 62, 64, 66, 68, 70, 72, 74, 76, 78, 80, 82, 84, 86, 88, 90, 92, 94, 96, 98, 100",alpaca
Describe the most heroic thing you've seen someone do.,I once saw a woman rush into a burning building to save a child stuck inside. She didn't think twice about risking her own safety to save the life of another. It was truly an incredible act of bravery.,alpaca
List the phases of the moon in order.,"New moon, Waxing crescent, First quarter, Waxing gibbous, Full moon, Waning gibbous, Third quarter, Waning crescent.",alpaca
Describe what you would see if you went to the Grand Canyon.,"You would see incredible multicolored cliffs of red, orange, and brown that have been carved by the Colorado River over the centuries. The landscape is breathtaking, made up of deep ravines, narrow side canyons, limestone plateaus, and hidden valleys. Looking across the canyon, you would see sheer walls of rock stretching for miles, surrounded by a vast expanse of deserts, sandstone hills, and coniferous forests.",alpaca
Find a quote that reflects the theme of resilience.,"""The greatest glory in living lies not in never falling, but in rising every time we fall."" -- Nelson Mandela",alpaca
List the top 5 diseases in the United States of America.,"The top 5 diseases in the United States of America are heart disease, cancer, stroke, chronic lower respiratory disease, and Alzheimer's disease.",alpaca
List 3 factors that can influence probability.,"1. Sample size
2. Sample composition
3. Prior data",alpaca
Generate a holiday themed song expressing sadness.,"Verse 1:
It's the holidays, though I wish it would pass
Snowflakes twirling around, like a winter's dance
But a sadness remains, knowing I'm all alone
I miss the laughter and joy, they can't be shown

Chorus:
I want the good times to come around again
The holiday cheer won't fill me up within
Loneliness it grows, as I try to pretend
It's the holidays, but I still feel so low

Verse 2:
In the night I just lay, staring up at the stars
Teary eyes and heavy heart, from the depth of my heart
No one's here to share, no one to console
It's the holidays, and I'm feeling so low

Chorus:
I want the good times to come around again
The holiday cheer won't fill me up within
Loneliness it grows, as I try to pretend
It's the holidays, but I still feel so low

Bridge:
Mourning for what I lost and never have to gain
Holiday sadness, I feel like such a fool again

Chorus:
I want the good times to come around again
The holiday cheer won't fill me up within
Loneliness it grows, as I try to pretend
It's the holidays, but I still feel so low",alpaca
Develop a strategy for changing a habit,"Developing a successful strategy for changing a habit involves understanding the habit, identifying an achievable goal, creating a plan for changing the behavior, and taking action to modify the habit. When understanding the habit, it is important to consider factors such as the context and triggers for when it occurs and the rewards associated with it. Once a goal is established, creating a plan involves breaking down the goal into smaller, achievable steps and creating a schedule of activities that involve avoiding the habit as much as possible and engaging in alternative behaviors. Finally, taking action and consistently following through with the plan is critical to making the habit change successful.",alpaca
Explain the characteristics of a polygon,"A polygon is a closed figure in Euclidian geometry, consisting of a set of line segments that are all connected. The polygon is defined by its number of sides, the length of each side, which must all be equal, and the angles between each side. Polygons have the same number of angles and vertices, and the same sum of angles, as the number of sides.",alpaca
Describe a coffee cup in five adjectives.,"Large, sturdy, beautiful, unique, modern.",alpaca
"Revise this sentence to make it more succinct: ""This situation is making me feel very frustrated and disappointed""",I'm frustrated and disappointed.,alpaca
Create a sample conversation between two people discussing a machine learning project,"Person 1: I'm thinking about starting a machine learning project. 
Person 2: That sounds great! What kind of project did you have in mind? 
Person 1: I was thinking of using a supervised learning model to predict customer churn.
Person 2: That sounds like a worthwhile project! What data do you think you need to collect in order to train the model? 
Person 1: I'm thinking we'll need to collect data on customer demographics, transaction history, loyalty data, and provide customer survey data. 
Person 2: That sounds like a great plan! I'm sure your project will be a success.",alpaca
Name the characteristics of an informative speech.,"An informative speech should include an introduction, body, and conclusion. It should be organized logically and provide clear, accurate information. It should also include evidence to support the claims made and should be balanced and impartial.",alpaca
Generate a creative story starter,"Once upon a time, in a land far away, there was an ancient castle, the home of an all-powerful wizard who guarded a legendary treasure.",alpaca
What are three challenges that small business owners may face?,"Three challenges that small business owners may face include cash flow problems, navigating business laws, and competing with larger companies. Cash flow problems can arise due to infrequent or delayed payments from customers, leading to difficulty in paying taxes, rent and other bills. Navigating business laws can be difficult for small business owners who may not have the expertise or resources to understand the regulations imposed on them. Competing with larger companies with more resources and experienced personnel can be difficult for small businesses. They have to focus on innovation and improving customer service to stand out and gain market share.",alpaca
Create a detailed paragraph outlining the physical features of a chess board.,"A chess board is composed of a square board with 64 squares arranged in an eight-by-eight square grid. The board is divided into light and dark squares of alternating colours. Each square is usually identified by a letter and number combination, such as ""A1"" or ""H8"". The chess pieces, including the king, queen, bishops, knights, rooks, and pawns, are placed on the board at the beginning of the game. The chess board also includes two sets of pieces, one set for each player, with black pieces on the bottom side of the board and white pieces on the top side.",alpaca
Develop a chatbot that answers common questions related to air travel.,"The chatbot should be designed to answer common questions related to air travel such as what type of ID is needed for travel, how much luggage can be brought on the plane, and other questions related to boarding, flights, and destinations. The chatbot should be programmed to recognize keywords and provide accurate responses. Additionally, the chatbot should be programmed to provide links to official websites and other relevant sources of information.",alpaca
Compile a list of beneficial skills to acquire for a software engineering job.,"Beneficial skills to acquire for a software engineering job include: 

- Understanding of computer science fundamentals such as algorithms, data structures, and design patterns
- Programming competency in multiple languages such as C++, Java, Python, and JavaScript
- Knowledge of database systems and architectures
- Familiarity with cloud-based technologies
- Ability to code quickly and accurately 
- Competency with debugging, troubleshooting, and problem-solving
- Understanding of software development best practices 
- Knowledge of software security principles
- Excellent communication, interpersonal, and organizational skills 
- Understanding of mobile and web development technologies",alpaca
"Generate a rhyming word for ""boat"".",Coat.,alpaca
Create a list of 5 important inventions made during the Industrial Revolution,"- Steam engine
- Cotton gin
- Telegraph 
- Locomotive 
- Steel production",alpaca
Write a story using the words 'galaxy' and 'journey'.,"Emily always had a passion for star gazing, but her dreams of exploring the galaxies in person seemed like a far off wish. Despite her uncertainty, she was determined to explore the unknown, and set off on an incredible journey filled with stars, planets, asteroids, and more. Her journey of discovery soon shifted from an astronomical voyage to a spiritual one, as she realized the power of the universe and the preciousness of life.",alpaca
What is the history behind the painting 'The Starry Night'?,"The painting ‘The Starry Night’ was painted by Dutch Post-Impressionist painter Vincent van Gogh in 1889. It represents the view from the east-facing window of his asylum room at Saint-Rémy-de-Provence, just before sunrise, with the addition of an idealized village. The painting incorporates the color and movement of the night sky along with its original significance that comes from beliefs of the time. The painting is regarded as one of the most recognized works of art in the world.",alpaca
Write a paragraph about the impact of economic incentives on the behavior of consumers.,"Economic incentives can have a significant impact on the behavior of consumers. Financial rewards and discounts can encourage people to purchase a certain product or service. Similarly, taxes and surcharges can discourage people from a certain type of purchase. In addition, price differentiation can be used to influence the purchase decisions of people. For instance, a higher price could make a product appear to be more valuable or luxurious, while a lower price can make it appear to be more accessible. These economic incentives can be a powerful tool to influence the behavior of consumers, and it is important for businesses to consider how they can use them to their advantage.",alpaca
List all the prime numbers from 15 to 25.,"The prime numbers from 15 to 25 are 17, 19, 23 and 25.",alpaca
Create a code snippet to generate n-dimentional array.,"def generate_ndarray(n):
    '''
    Generates a n-dimensional array of zeros
    '''
    ret = []
    for i in range(n):
        ret.append([0]*(2**i))
    return ret",alpaca
"Imagine you are commanding a robotic assistant to purchase something online. Compose an instruction, in English, that could accomplish this task",Purchase a pair of black leather dress shoes with a red sole from www.example.com.,alpaca
Make up a creative name for a digital marketing agency.,Digital Plume.,alpaca
"Write a horror story using the following words in the story: flashlight, skeleton, darkness.","The darkness was oppressive as I slowly crept forward with my flashlight, its beam only able to hint at the secrets that lurked in the shadows. My heart raced as I heard strange noises, each step I took creating a new reverberation throughout the abandoned house. Suddenly, the light illuminated what appeared to be a skeletal figure in the corner. With trembling hands, I shined the light to reveal a malicious grin on its decayed face. I backed away slowly and ran out of the house, never to return.",alpaca
Create a function that takes a list of strings and returns a list without duplicates.,"def remove_duplicates(strings):
  seen = set()
  result = []
  for string in strings:
    if string not in seen:
      seen.add(string)
      result.append(string)
  return result",alpaca
Generate a sentence that implies the busy life of a college student.,"Sleep is a rarity in the life of a college student, with classes, assignments, and social engagements taking up most of their time.",alpaca
Make a list of five elements that compose a person’s identity.,"A person's identity consists of five elements: family background, social environment, culture, beliefs, and values. Each of these elements influences the way we see ourselves and also influences our interactions with the world. By understanding and recognizing these various aspects, we can gain a better understanding of our individual identity and how it is shaped.",alpaca
Generate a travel itinerary for 3 days in Paris,"Day 1:
- Arrive in Paris and check-in to your accommodation.
- Explore the Champs-Élysées and visit the Louvre Museum.
- Sample delicious French cuisine in an authentic bistro.
- End the day with a cruise along the Seine River.

Day 2:
- Take a tour of the Eiffel Tower.
- Wander the streets of Montmartre, the artists' quarter.
- Shop in local boutiques in the Latin Quarter.
- Dine in a cozy bistro.

Day 3:
- Take a guided tour of the Notre Dame Cathedral.
- Visit the Musée d'Orsay and explore its vast collection of art and artifacts.
- Stroll through Luxembourg Gardens.
- Sample some of the city's delicious pastry treats.",alpaca
Look up the top three results for the query “cheap phone cases” and return the name and price of each product.,"1. Tough Shield Protective Phone Case - $10.99 
2. Rugged Armour Phone Case - $9.99 
3. Shockproof Phone Case - $8.99",alpaca
List three steps to writing a programming algorithm,Three steps to writing a programming algorithm are: 1. Define the problem to be solved; 2. Design a solution; 3. Write the code to implement the solution.,alpaca
Write a news article on the topic of the current trend of automation.,"Automation is quickly becoming a trend in the modern workforce, with many companies turning to automated services and processes to reduce costs and improve efficiency. Automation is being used in areas such as customer service, inventory management, data entry, and other tasks that previously required human input. As automation continues to advance and become more accessible, businesses are able to save money on labor costs, reduce errors, and improve customer satisfaction. While some experts have expressed concern about the potential to replace human jobs, many have suggested that automation will ultimately create more jobs than it displaces by freeing workers to focus on more creative and analytical tasks.",alpaca
Write 2 synonyms for the word 'resilience',"Tenacity, fortitude",alpaca
Create an algorithm that draws a circle in 3D space.,"The algorithm for drawing a circle in 3D space is as follows:
1. Set the radius of the circle.
2. Establish a center point and draw a line from this point perpendicular to the plane in which the circle will be drawn.
3. Divide the circumference of the circle into equal parts.
4. Use this information to determine the x and y coordinates of points on the circumference of the circle.
5. Draw a line from the center of the circle to the x and y coordinates to create the circle.",alpaca
"Create a story using the following words: hat, rainbow, castle, dragon","Once upon a time, there was a magic hat that could make any wish come true. One day, a young girl put on the hat and wished for a rainbow castle of her own. Suddenly, a large castle with a brilliant rainbow roof appeared before her. The castle was guarded by a mighty dragon. The dragon was friendly and had the key to the castle, so the young girl was able to explore it. And, she lived happily ever after in her rainbow castle.",alpaca
Explain the functionality of an Object-Relational Mapping (ORM),"An Object-Relational Mapping (ORM) is a programming technique that allows developers to work with relational databases using an object-oriented programming language. ORMs provide an easy-to-use layer of abstraction when developing database-driven applications, allowing developers to more easily query and manipulate data from a database. ORMs also eliminate the need for many lines of repetitive SQL code and help to maintain a consistent API for interacting with a database, no matter the underlying database type.",alpaca
Create a 5-sentence-long story about pirates,"Once upon a time, there were two daring pirates who decided to set sail in search of hidden treasure. Despite the danger, they were determined to find the riches that lay beyond the horizon. After months of exploring the vast ocean, they finally spotted an island. Little did they know, it was full of danger and would require tremendous courage to reach the buried gold. To their surprise, they were able to make it out alive with their newfound treasure.",alpaca
Come up with a list of questions you can use for interviewing social media experts,"1. What made you decide to become a social media expert?
2. How do you stay up to date on trends in the industry?
3. What strategies do you use to build online communities?
4. How do you measure the success of your social media campaigns?
5. What is the most challenging part of managing social media accounts?
6. How important is it to have a consistent content strategy in place?
7. How do you use data to optimize your campaigns?
8. Which marketing platforms do you find the most effective?
9. What tips do you have for creating engaging content?
10. What sets your work apart from other social media experts?",alpaca
Explain the human impact on climate change,"Human activities are the main driver of climate change. Human-induced climate change is caused by the burning of fossil fuels and other activities that increase the amount of greenhouse gases in the atmosphere. Greenhouse gases trap heat and make the earth warmer, leading to rising temperatures and other changes in the climate. This causes changes in weather patterns, melting of glaciers and ice sheets, rising sea levels, and other impacts.",alpaca
Create an introduction for a website on learning English.,"Welcome to Learning English! Here, we offer a range of resources and tips to help you learn the English language. Our learning tools cover everything from grammar and pronunciation to vocabulary and writing, so you can improve your language skills quickly and easily. So, what are you waiting for? Let's get started, and soon you'll be speaking English like a pro!",alpaca
Create a new word that expresses something positive.,Splendiculous!,alpaca
How can I save money on my next grocery shopping?,"There are several ways to save money when grocery shopping, such as planning out your meals in advance and creating a grocery list, using store coupons, and looking for sales and discounts. Additionally, comparison shopping can help you find the best deals. You may also want to look online to find coupons and discounts. Buying store brands can also help you save money while still getting quality products.",alpaca
Explain the differences between fossil fuels and renewable energy sources.,"Fossil fuels are non-renewable sources of energy, meaning they can't be replenished and will eventually run out. Fossil fuels are also a major source of air pollution since they produce high levels of pollutants when burned. Renewable energy sources, on the other hand, are replenishable and don't cause air pollution. Examples of renewable energy sources include wind, solar, geothermal, and hydropower.",alpaca
Generate a sentence suitable for an adventure novel.,"The day was perfect for a daring escape, and there was no time to waste.",alpaca
How can data science be used to improve healthcare?,"Data science can be used to improve healthcare in a variety of ways. Data science techniques can be used to identify trends in patient data, which can be used to optimize treatments, identify high-risk patients, and improve patient outcomes. Additionally, data science can be used to develop predictive models, which can be used to anticipate medical conditions, detect anomalies and decrease healthcare costs.",alpaca
Name 5 mammals found in the North American continent,"Bears, bison, raccoons, beavers, and deer.",alpaca
Create an algorithm to find the greatest common divisor for two positive integers.,"""""""
Create an algorithm to find the greatest common divisor for two positive integers.
""""""

def gcd(a, b): 
    # Base case 
    if a == 0: 
        return b 
          
    return gcd(b%a, a) 


# Driver program to test above function 
a, b = 20, 8
gcd(a, b) # prints 4",alpaca
Create a menu for breakfast.,"Breakfast Menu 

- Eggs: scrambled eggs, poached eggs, sunny side up eggs 
- Toast: white, wheat, rye 
- Pancakes: plain, blueberry, chocolate chip 
- Oatmeal: plain, topped with brown sugar and cinnamon 
- French Toast: plain, topped with maple syrup 
- Smoothies: strawberry, banana, mango 
- Fresh Juices: orange, apple, cranberry",alpaca
"Construct a question to which the answer is ""no""",Have you already finished the project?,alpaca
What is the average life expectancy of an adult male in India?,"According to the World Health Organization, the average life expectancy of an adult male in India is 68.2 years.",alpaca
Generate a short paragraph summarizing the movie Inception.,"Inception is a thrilling sci-fi movie about a team of thieves who specialize in stealing ideas from people's dreams. Led by Dom Cobb (Leonardo DiCaprio), the group of criminals embark on the most dangerous mission yet - to implant an idea in someone's subconscious. As they travel deeper into the subconscious, Cobb and his team battle the resists of their victim's mind and the risk of getting stuck in a dream world. Along the way, the dreamers learn more about themselves and the power of dreams in the process of achieving their mission. Inception is a thought-provoking and visually impressive film that explores the power of the imagination.",alpaca
How do you calculate the angle of incidence?,The angle of incidence is calculated by determining the angle between a line drawn perpendicular to the surface of an object and the incident ray. The angle between the incident ray and the normal of the surface is equal to the angle of incidence.,alpaca
Explain what the big bang theory is.,"The Big Bang theory is the scientific explanation for the origin of the universe. It states that the universe began as a very dense and hot state roughly 13.8 billion years ago, and has since been expanding in size. It is the most widely accepted theory of the origin of the universe due to its explanation of diverse observations of the cosmos such as the cosmic microwave background radiation and the abundance of certain elements.",alpaca
"In 2-3 sentences, explain the Big Bang Theory","The Big Bang Theory is the prevailing cosmological model which describes how the Universe began. It postulates that the Universe was initially formed in a hot, dense state and subsequently expanded, cooling and evolving over time into the structure we observe today. It is supported by a large body of observational evidence.",alpaca
Create a quote about perseverance,"""Perseverance is the quality of never giving up, no matter the circumstances or odds. With hard work and determination, you can achieve anything.""",alpaca
Name three types of birds native to Florida.,"Three types of birds native to Florida are the bald eagle, the swallow-tailed kite, and the tramontane quail. Other common birds found in Florida include blue jays, cardinals, brown pelicans, alligators, ibises, and Galapagos doves.",alpaca
Describe a healthy diet,"A healthy diet should include a balance of fruits, vegetables, whole grains, low-fat dairy, lean proteins, and healthy fats. Eating a variety of foods is important to receive all types of nutrients, vitamins, and minerals. Consuming a large variety of food also helps to keep meals interesting and flavorful. Limiting processed and sugary foods is recommended for a healthy diet. Additionally, limiting consumption of fried foods and alcohol is recommended.",alpaca
What is an alternator in a car?,An alternator in a car is an electrical generator that converts mechanical energy into electrical energy. It is responsible for supplying power to the vehicle's electrical system and charging the battery.,alpaca
Compare and contrast dogs and cats,"Dogs and cats are both popular companion animals, but they differ in many ways. Dogs are especially known for their loyalty, obedience, and intelligence, while cats are known for their independence and aloofness. Dogs typically require more active engagement from their owners, while cats are quite capable of entertaining themselves. Dogs tend to form strong social bonds with their owners and enjoy being part of the family, while cats prefer to maintain more of their solitary nature.",alpaca
Name a phrase that describes Africa.,"""The Cradle of Civilization."" This phrase is often used to describe Africa, due to its long and rich history as the continent that is believed to have been the birthplace of humanity. Africa is home to numerous ancient cultures and societies, many of which have left a lasting impact on history and the world in general. In addition, many of the world's major religions have their roots in Africa, making it the home to some of the most powerful and influential civilizations in history.",alpaca
Find out what year the U.S. Constitution was adopted.,The U.S. Constitution was adopted in 1787.,alpaca
Make a list of five of the world's most dangerous cities.,"1. Caracas, Venezuela
2. San Pedro Sula, Honduras
3. San Salvador, El Salvador
4. Acapulco, Mexico
5. Port Moresby, Papua New Guinea",alpaca
Generate an acronym for the words Common Complex Occurrences,CCO (Common Complex Occurrences),alpaca
Name two foramina of the skull,Two foramina of the skull are the foramen magnum and the foramen ovale.,alpaca
List three items needed to make a sandwich.,"- Bread
- Spread (e.g. mayonnaise or butter)
- Filling (e.g. cheese, vegetables, or deli meats)",alpaca
"Complete the following phrase: ""Today is the ____ of your life"".",Today is the beginning of your life.,alpaca
Write a paragraph on the importance of nutrition for athletes.,"Good nutrition is essential for athletes to perform at their best. It helps to maintain an optimal body weight, build muscle mass, provide energy, and promote recovery from training. Eating a well-balanced diet can help athletes maximize their strength, speed and power. Eating a diet rich in carbohydrates, proteins, vitamins, minerals and antioxidants can improve performance, reduce fatigue and the risk of injury. Eating nutritious meals on a regular basis is essential for any athlete looking to reach their full potential.",alpaca
Name a sport that is played using a ball,"There are many different sports that involve playing with a ball, including football, basketball, tennis, volleyball, rugby, cricket, and golf.",alpaca
Explain what machine learning is.,"Machine learning is a type of artificial intelligence (AI) that enables computers to learn from data without being explicitly programmed. It uses algorithms to process large amounts of data and find patterns which can be used to make predictions or decisions. Machine learning can be used to identify objects in images, classify documents, determine correlations, and more.",alpaca
Name five different types of fictional characters.,"Protagonist, antagonist, mentor, comic relief, anti-hero.",alpaca
Name 4 common types of trees.,"1. Maple
2. Oak
3. Pine
4. Palm",alpaca
Explain the importance of gender equality in the workplace.,"Gender equality in the workplace is vital for creating an environment based on fairness and opportunity. An equal workplace provides employees of all genders with equal access to resources, training, and promotion opportunities, and eliminates discrimination and marginalization in hiring and promotion practices. Furthermore, having an equal workplace helps to create an inclusive culture, which is beneficial to both employees and employers as it can create a more positive working environment and enhance decision-making and productivity.",alpaca
Generate three adjectives associated with the city of Paris.,"Romantic, magical, lively.",alpaca
Who wrote the novel “The Catcher in the Rye”?,"The novel ""The Catcher in the Rye"" was written by J.D. Salinger.",alpaca
Write a sports headline describing the popular football event.,Football Fans Relish an Unforgettable Experience as Two Magnificent Teams Clash in the Final Showdown.,alpaca
Describe a time where you saw someone do something generous.,I recently saw someone do something incredibly generous. I was on a bus with a group of people when a man offered to pay for everyone's fare. This was a huge surprise and everyone was so grateful. He said he wanted to spread a little kindness in an otherwise stressful world. It was a really beautiful thing to witness and I'm still thinking about it days after it happened.,alpaca
Construct a sentence using the present perfect.,I have been studying for the exam all morning.,alpaca
Generate ideas for reducing air pollution.,Some ideas for reducing air pollution include encouraging people to use public transportation or carpools; introducing incentives and tax credits for purchasing electric vehicles; transitioning to renewable energy sources; enforcing regulations on factories and power plants; implementing bans on smoking in public places; building green spaces and adopting green infrastructure; educating people on the importance of air quality and the health risks associated with air pollution; and incentivizing businesses to use fuel-efficient vehicles and clean energy sources.,alpaca
"Summarize the article, “10 Ways AI is Changing Businesses.”","This article discusses how AI is transforming businesses today by streamlining tasks, automating processes, and improving customer experiences. AI is making tasks easier and saving businesses time and money by eliminating human error and reducing labor costs. AI can also be used to optimize customer service, better target marketing to customers, and gain competitive advantages over their peers. AI is also being used by a variety of industries, from healthcare to retail and more, in order to expand their capabilities. The article concludes that AI is becoming increasingly essential for businesses to stay competitive in the modern day.",alpaca
What do you need to consider when making an investment decision?,"When making an investment decision, it is important to consider your risk tolerance, financial goals, how much you are able to invest, the amount of time until you need the money, diversification, costs, and tax implications of the investment. Additionally, doing ample research, understanding the investment markets, and seeking professional advice can all help you to make an informed investment decision.",alpaca
Name two different methods of soil conservation,"Two methods of soil conservation are crop rotation and conservation tillage. Crop rotation involves planting different kinds of crops in a certain order to prevent soil degradation. Conservation tillage is a form of tillage that preserves the existing soil structure by leaving crop residue and covering the soil surface with it. Other forms of soil conservation include contour farming, terrace farming, and cover crops.",alpaca
Describe the energy cycle of the sun.,"The energy cycle of the sun is the process by which energy is produced, transferred, and ultimately converted back into energy. In the core of the sun, nuclear fusion reactions take place, converting hydrogen atoms into helium. This releases energy in the form of gamma radiation and other forms of radiant energy, which escape the sun’s core in the form of light and heat. This energy travels through space and eventually reaches the Earth’s atmosphere, where it is either absorbed, reflected or scattered before reaching the Earth’s surface. On the surface, this energy is converted into a number of forms (e.g. heat, light, kinetic energy), which are eventually converted back into energy and sent back out into space.",alpaca
Give an example of how someone could save money.,"One easy way to save money is to reduce the amount of unnecessary expenses. For example, instead of eating out every day, one could pack their lunch and bring it with them to work. Another way to save money is to increase income. This can be done by finding a second job or taking on freelance gigs. Lastly, one could also save by investing, either in the stock market or another financial instrument.",alpaca
Describe the core components of a marketing plan.,"A marketing plan consists of four key components: goals and objectives, target audiences, strategies and tactics, and metrics. Goals and objectives identify the purpose and scope of the marketing plan and the desired outcome. Target audiences are the specific consumers or businesses the plan is intended to reach. Strategies and tactics are detailed descriptions of how the goal of the plan will be accomplished. Metrics are the criteria and indicators used to measure progress and success.",alpaca
Come up with five innovative ways to make a presentation,"Five innovative ways to make a presentation include: using props, creating interactive slides, incorporating video, using interactive media such as polls, and using storytelling techniques.",alpaca
Describe the disadvantages of using commercial facial recognition software.,"The use of commercial facial recognition software can lead to a number of potential disadvantages. Firstly, the software often has a high false-positive rate, meaning that it may mistakenly identify a person as someone else. This can lead to mistakes when it comes to identifying criminals or other suspicious individuals. Additionally, facial recognition software can be easily manipulated to falsely identify individuals, leading to potential security risks. Additionally, the use of facial recognition software also raises privacy and ethical concerns, as it can be used to track and monitor people without their knowledge or consent. Finally, facial recognition software remains a developing technology and its accuracy can vary by system, leading to errors and incorrect results.",alpaca
Rewrite the following sentence using the present perfect tense: I liked eating ice cream.,I have liked eating ice cream.,alpaca
Identify the symbols and conventions used in a production flow chart,"The symbols and conventions used in a production flow chart include rectangles to represent tasks, arrows to represent flow or direction, circles to represent decision points, diamonds to represent questions or branches, and text to represent the task description.",alpaca
Generate a list of 5 creative ways to use technology in the classroom.,"Five creative ways to use technology in the classroom include:
1. Using online collaboration tools such as Google Docs and Slack to facilitate group work and peer-to-peer learning.
2. Creating interactive multimedia lessons using video and audio tools like Prezi and YouTube.
3. Using virtual reality to explore concepts, bringing math, science and history to life.
4. Employing computer-aided design tools to create 3D models and animations.
5. Using augmented reality apps and games to spark students’ interest in various topics.",alpaca
Create a scientific experiment that would test gravity on humans,"An experiment to test gravity on humans could involve having a group of participants stand on a level surface and then recording the force that the earth applies on them by measuring the pressure on their feet. Participants could be asked to stand in different postures, such as leaning forward or backward, and angles, such as to the left or right. The results would be measured with a force plate and the data analyzed to see how the force of gravity affects the human body.",alpaca
Define a function that takes two numbers and returns their average.,"def average(a, b):
  return (a + b) / 2",alpaca
"Write two words that rhyme with ""moon"".","loon, boon",alpaca
"Write a sentence using the homophone ""won/one.""","After I rolled the dice, I won one round of the game.",alpaca
Find the shortest route from San Francisco to New York.,"The shortest route from San Francisco to New York is 3,279 miles and would take approximately 51 hours to drive.",alpaca
Suggest some resources to learn Spanish.,"Duolingo and Babbel are both great options to learn Spanish. Additionally, there are several YouTube channels that you can use to learn Spanish, such as SpanishDict, Easy Spanish, and 123 Teach Me. There are many books available, such as ""501 Spanish Verbs"" and ""Colloquial Spanish,"" along with online courses such as SpanishPod101 and Pimsleur Spanish.",alpaca
Name the first satellite launched into space.,"The first satellite launched into space was Sputnik 1, which was launched by the Soviet Union in 1957.",alpaca
Write a few sentences to explain why marketing plays an important role in business.,"Marketing plays an essential role in any business as it helps in growing awareness of the company's products and services. Through effective marketing, companies can create demand for their products and services and build customer loyalty. Marketing also helps businesses differentiate themselves from their competitors and keep their customers engaged. Additionally, marketing helps establish a company's brand in the market and allows consumers to connect with the company's mission and values.",alpaca
Construct a SQL Query to list the names of male students from the 'students' table.,SELECT name FROM students WHERE gender = 'male';,alpaca
Develop an algorithm to identify fraudulent transactions.,"A good algorithm for identifying fraudulent transactions should use a combination of data points such as past purchase history, goods purchased, location of purchase, amount, and time of purchase. It should also flag unusual activity and notify the user of the potential fraud risk.",alpaca
Write a synopsis for a movie about a small business trying to survive the impact of the pandemic.,"This movie follows the story of a small business, ""Dave's Café"", trying to stay afloat amidst the economic crisis brought on by the COVID-19 pandemic. With no customers, the business is struggling to make ends meet and Dave must take desperate measures to make sure the café stays open. With the help of his loyal employees, Dave attempts to survive in a town that has become a ghost town due to the pandemic. Despite his efforts, Dave must come to grips with the reality that his café may not survive. He must ultimately decide whether it is worth sacrificing everything he has worked for or finding a way to keep the business going.",alpaca
Convert 120 minutes to hours,120 minutes is equivalent to 2 hours.,alpaca
Provide me a proverb from the following language: French,"Ce que l'on sait, on peut le raconter. (What one knows, one can tell.)",alpaca
Explain how carbon dioxide contributes to global warming.,"Carbon dioxide is a powerful greenhouse gas which traps more heat energy in the Earth's atmosphere, resulting in increased global temperatures. It is released into the atmosphere by burning fossil fuels such as coal and oil, as well as via respiration from living organisms.",alpaca
Name a major byproduct of the combustion of fossil fuels.,A major byproduct of the combustion of fossil fuels is carbon dioxide.,alpaca
Generate content ideas for a blog post on renewable energy.,"- The Benefits of Renewable Energy 
- The Advantages of Investing in Renewable Energy 
- Renewable Energy Resources and How to Utilize Them 
- How to Make Your Home More Eco-Friendly with Renewable Energy 
- The Pros and Cons of Different Types of Renewable Energy 
- How Governments Can Encourage Renewable Energy 
- Financial Incentives for Investing in Renewable Energy 
- How to Reduce Your Carbon Footprint with Renewable Energy 
- What Are the Long-Term Benefits of Renewable Energy? 
- How Renewable Energy Impacts the Environment",alpaca
List 5 adjectives that describe an elephant.,"Massive, gray, gentle, social, intelligent.",alpaca
Identify two examples of machine learning algorithms.,Examples of machine learning algorithms include support vector machines (SVMs) and artificial neural networks (ANNs).,alpaca
Describe a method of converting solar energy into electricity,"A method of converting solar energy into electricity is called photovoltaics. This process involves using solar cells to convert the sun's energy into direct current electricity. Solar cells are typically made of layers of semi-conducting materials like silicone. When sunlight strikes the cells, electrons in the material are excited and result in the streaming of direct current electricity that can then be used for a variety of purposes.",alpaca
Identify two ways to make a computer program more efficient.,"1. Minimize the use of complex and resource-heavy operations by using simpler algorithms.
2. Make use of efficient data structures such as heaps and hash tables.
3. Parallelize computationally intensive operations to take advantage of multiple cores in the processor. 
4. Utilize memory caching and pre-fetching.
5. Profile and benchmark the program to identify bottlenecks.",alpaca
Write two persuasive arguments for why online learning is beneficial.,"Persuasive Argument 1: Online learning provides students with more flexibility to learn at their own pace and on their own schedule. This flexibility allows them to take on more classes and responsibilities without having to worry about traveling to a physical classroom. 

Persuasive Argument 2: Online learning can be more interactive than traditional classrooms because of the use of multimedia. Through the use of video lectures, discussion boards, and practice tests, students can learn more effectively and have more engagement with their instructors and classmates.",alpaca
Find the nearest restaurant that serves Italian food.,"The nearest restaurant that serves Italian food is La Tavola Italian Kitchen, which is located 0.7 miles away from the current location.",alpaca
Formulate a hypothesis to explain why the organic food is healthier.,"The biological diversity found in organic farming provides a robust ecosystem that encourages strong root systems and access to more nutrients and minerals. Additionally, organic farms tend to use natural fertilizers, providing natural nutrients to encourage healthy plant growth. By avoiding the use of synthetic chemical formulations found in most conventional farming practices, organic farming may protect the soil from depleted minerals, thus providing more nutrients for the plants and making them more nutritious for consumption.",alpaca
Greet someone on their birthday.,Happy birthday! Wishing you all the best on your special day!,alpaca
Describe what a computer virus is.,"A computer virus is a malicious software program that can spread itself to other files on a computer or network. It has the ability to alter system functions, cause data loss, and disrupt the performance of computers and other devices. Some viruses can even wipe out the entire hard drive or delete important files. Viruses are often spread through email attachments, downloads, or by other users accessing a computer or network.",alpaca
Name 6 components of an artificial neural network,"The components of an artificial neural network include input units, hidden units, output units, weights, biases, and activation functions. The input units are responsible for receiving the inputs from the data. The hidden units process the inputs and generate the outputs, while the output unit generates the output of the neural network. The weights and biases determine the strength of the connections between the units. Finally, the activation functions determine the output of the neural network based on the sum of the weighted inputs from the previous layer.",alpaca
Tell me one way to improve the performance of a computer.,"One way to improve the performance of a computer is to upgrade the hardware, such as adding more memory or a better processor. Additionally, optimizing software, such as defragmenting the hard drive or updating programs, can also help to boost performance.",alpaca
"Rewrite this sentence to make it more powerful:
""I'm excited about my new job.""",I'm overjoyed to embark on a new journey with my new job.,alpaca
Construct a persuasive argument about why people should use renewable energy,"Using renewable energy sources is beneficial for both individuals and the environment. By switching to renewable sources of energy, individuals can take advantage of the cost savings that come with using natural sources of energy, such as solar and wind power. Additionally, investing in renewable energy sources helps reduce global emissions, protects air and water quality, and helps ensure energy security. Furthermore, renewable energy sources are continually replenishing and have the potential to meet all of our energy needs while providing secure, non-polluting sources of energy in the future. 

For all of these reasons, it is clear that switching to renewable energy sources is the right choice for individuals and the environment. Investing in renewable energy sources benefits everyone in the long run.",alpaca
"Analyze the following statement: ""Technology is changing the world, for better or for worse""","This statement is an accurate reflection of how technology has impacted the world in both positive and negative ways. On the one hand, technology has benefitted us by making tasks easier, increasing efficiency, and creating new opportunities. On the other hand, it has created new problems such as privacy and security issues, as well as potential negative impacts on society, such as increased inequality.",alpaca
Suggest five ways to make a website more engaging.,"1. Incorporate interactive elements such as polls, quizzes, and surveys. 
2. Add multimedia to increase visual appeal.
3. Use social media integration to engage visitors.
4. Include clear call-to-action buttons for important content.
5. Provide informative, but succinct content that is easy to digest.",alpaca
We have a meeting today at 10am. Set a reminder for 10 minutes before the meeting.,Reminder set for 9:50am: Meeting in 10 minutes!,alpaca
Suggest a suitable song title.,"""The Power of One"".",alpaca
Estimate the net worth of Steve Jobs in 2012.,"In 2012, experts estimated Steve Jobs' net worth to be around $7 billion.",alpaca
Describe the elements of a good blog post.,"A good blog post should have a catchy title that accurately reflects the content of the post. It should also have a clear structure that builds on the ideas of the post. The post should also include well-written content with appropriate facts and evidence, as well as properly formatted visuals. Additionally, the post should be concluded with a strong call to action, encouraging readers to take action on the content they have just read.",alpaca
Calculate the number of full days required to read a 400-pages book with a reading rate of 20 pages per day,The number of full days required to read a 400-pages book with a reading rate of 20 pages per day is 20 days.,alpaca
Match the following noun with an appropriate verb: Night -,Night - blanketed.,alpaca
Write a sentence that displays the use of personification.,The wind sang a beautiful melody as it floated through the trees.,alpaca
"Parse the following sentence to identify the subject, verb, and object: The cat chased the mouse.","The subject of the sentence is ""The cat"", the verb is ""chased"", and the object is ""the mouse"".",alpaca
What is the role of the nervous system in the human body?,"The nervous system is the body's control and communication system. It is made up of the brain, spinal cord, and nerves, which send and receive signals from the body and the environment and coordinate the body's responses. The nervous system is responsible for controlling everything from movement, to thinking, to feeling, to reacting to stress and stimulation.",alpaca
Predict the 2021 wildfire season in California.,"The 2021 wildfire season in California is expected to be active and bring about an early start to some areas as a result of recent drought conditions. This will likely cause more extensive damage than in previous years due to the dry conditions. Conditions this season will be further magnified by a potential increase in extreme weather events such as strong winds, dry lightning and low humidity, in addition to potential higher temperatures. Governments and officials across California have taken steps to prepare for fire season and are already implementing preventative measures such as prescribed burns and vegetation thinning. These efforts, alongside continued public education campaigns, increased firefighter presence and fire safety regulations, will likely mitigate some of the effects of an active fire season.",alpaca
"Create a recipe for ""Penne Alla Vodka"".","Ingredients:
- 1 lb penne pasta
- 2 tablespoons olive oil 
- 1 shallot, finely chopped
- 2 cloves garlic, minced
- 1 cup of heavy cream
- ¼ cup vodka
- 2 tablespoons tomato paste
- ½ cup Parmesan cheese, grated
- 2 tablespoons fresh parsley, chopped
- Salt and black pepper to taste

Instructions:
1. Bring a large pot of salted water to a boil and cook the penne until al dente.
2. Meanwhile, in a large skillet, heat the olive oil over medium heat and cook the shallots and garlic until fragrant and lightly browned, about 2 minutes.
3. Add the cream, vodka, and tomato paste and reduce heat to low. Simmer the sauce until it thickens, about 10 minutes.
4. Drain the penne and return to the pot. Add the sauce and mix to coat the pasta. Transfer to a serving dish and top with Parmesan cheese, parsley, salt and black pepper.
5. Serve hot and enjoy!",alpaca
Compose a tweet-length review for a movie you recently watched.,Just watched Spider-Man: Far From Home and it was fantastic! Action-packed with plenty of heart-pumping moments - definitely an exciting way to end the latest Spider-Man trilogy! #SpiderManFFH #Spiderman #Marvel,alpaca
Name the four oceans on Earth.,"Thefour oceans on Earth are the Arctic Ocean, Atlantic Ocean, Indian Ocean, and Pacific Ocean.",alpaca
Create a list of the differences between quantitative and qualitative data.,"Quantitative data is data that can be measured and quantified, while qualitative data is descriptive information.

Quantitative data is objective and can be expressed in numbers, while qualitative data is subjective and involves descriptions.

Quantitative data is usually collected through surveys and other structured methods, while qualitative data is usually collected through interviews, focus groups, and open-ended questions.

Quantitative data provides numerical or statistical information and is usually used to describe patterns and trends, while qualitative data provides text-based information and is used to understand the ways in which people think and feel about certain topics.",alpaca
Summarize the techniques used for summarizing text.,"Text summarization techniques involve identifying and extracting the important information from text in order to produce a shorter and more concise version of the original text. These techniques rely on machine learning algorithms and natural language processing to identify the important parts of the text and generate summaries. Common techniques include extractive summarization, which involves identifying the most important sentences and extracting them, and abstractive summarization, which involves generating novel summaries that capture the most important information of the text.",alpaca
Construct a simple toy model of a computer system.,"A simple toy model of a computer system would include a central processing unit, memory, input and output devices, and a control unit.",alpaca
"Calculate the mean of these 5 numbers: 2, 4, 10, 11, 13.",8.4,alpaca
Create a sentence using a gerund,Swimming is one of my favorite activities.,alpaca
Write a fictional story about a lost key,"Once upon a time there was a curious little girl named Emma. She was always looking for adventure, even in the smallest things. One day, she was walking in the park when she stumbled across a small, golden key. 

Emma quickly became obsessed with discovering where the key had come from and what it unlocked. She set out on a journey to find the key's owner, but it seemed like a never-ending task. Everywhere she went, she asked if anyone had seen it before. 

One day, Emma came across a strange house with a big, sturdy door. She tried the key in the lock, and it slid in perfectly. The door slowly creaked open and Emma was in awe of what she saw behind it, a world full of incredible secrets and stories.

Indeed, the key had unlocked a world of wonders for Emma. She explored and discovered more than she ever thought possible. And from that day on, the curious little girl had a smile on her face, knowing that no matter where she ventured, the key would always come in handy.",alpaca
List the components of a classic illustration,"Background, foreground, middle ground, figures, light sources, shadows.",alpaca
Generate an algorithm to find the sum of the first 25 even numbers,"Let n = 25.

Step 1: Declare an integer variable sum to store the sum of the first n even numbers. 

Step 2: Initialize sum to 0.

Step 3: Run a loop from 2 to 2n with an increment of 2.

Step 4: In each iteration of the loop, add ‘i’(the current index of the loop) to the sum. 

Step 5: After the loop, print the value of ‘sum’.

Step 6: Exit the program. 

Thus sum of the first 25 even numbers is 650.",alpaca
Provide two tips for how to practice effective time management.,"1. Set clear goals and establish priorities. Prioritize tasks based on how important they are and focus on doing the most important things first. 
2. Break tasks down into small and manageable steps, and create a timeline for completing each task. Set deadlines and also give yourself reasonable breaks between tasks to help avoid burnout.",alpaca
What were two repercussions of the coronavirus pandemic on the education system?,"The two biggest repercussions of the coronavirus pandemic on the education system have been the move to digital learning and the widening of educational disparities. The shift to online/virtual learning has had both positive and negative impacts on students, teachers, and parents, but it has created significant disruptions and challenges for many. Furthermore, the pandemic has exacerbated existing educational disparities by pushing students from lower-income families behind even further due to limited access to technology and internet connections. In some cases, the gap between students from low- and high-income backgrounds has grown significantly.",alpaca
Discuss why it is important to embrace diversity in an organization.,"Embracing diversity in an organization is important because it allows the individual members of the organization to come together and have a shared sense of purpose and understanding. It also allows the organization to benefit from the varied backgrounds and perspectives of the members, leading to better decision making and problem solving. Diversity allows an organization to be more aware of and sensitive to cultural, social, and economic differences, leading to a more productive and efficient organization. Finally, having diversity in an organization fosters a sense of inclusion, allowing all members to feel valued and respected.",alpaca
Make a list of five improvements to enhance the customer experience.,"1. Provide clear and consistent communication through multiple channels.
2. Offer flexibility in choosing the payment method.
3. Implement a customer rewards program.
4. Give customers the ability to track their orders. 
5. Generate personalized recommendations based on past purchases.",alpaca
Generate a story about two strangers meeting for the first time.,"Two strangers met on a picturesque bridge overlooking a flowing river. They didn't know each other, but they could see that they had something in common. In that moment, they connected and began to talk. As their conversation went on, they revealed their life stories and soon the strangers became friends.",alpaca
Construct a python class for an apple.,"class Apple:
    def __init__(self, color, size):
        self.color = color
        self.size = size
    
    def get_color(self):
        return self.color
    
    def get_size(self):
        return self.size",alpaca
Write something about animals in the desert.,"Animals in the desert have developed a number of strategies to survive in the harsh environment. Some, like camels, have adapted to the heat and are well-suited to the desert. Others have adapted to the lack of water, such as the kangaroo rat which never needs to drink water. Other animals, like the chuckwalla, are able to avoid the direct sunlight by retreating to cooler crevices. Many animals also rely on nocturnal behavior, emerging at night to avoid the dangerous temperatures. There is a wide variety of animals that call the desert home, each adapted to a unique environment.",alpaca
Suggest a method to protect sensitive data,"1. Use strong encryption: Encrypting data ensures that even if the data is accessed or stolen, the content is unreadable without the correct encryption key.
2. Create secure access: Create secure user roles with specific access privileges to sensitive data.
3. Establish backup plans: Create backup plans to ensure that data is continually backed up and stored safely in case of physical damage or computer malfunction.
4. Auditing: Establish regular auditing processes to identify any irregularities in data access.
5. Physical security: Ensure physical security by controlling access to servers and data storage centers, and regularly updating security measures.",alpaca
Create a list of 10 activities that people can do on a rainy day,"1. Read a book.
2. Watch a movie.
3. Bake or cook something.
4. Indoor workout.
5. Board games or puzzles.
6. Have a spa day.
7. Play a musical instrument.
8. Make a scrapbook.
9. Have a virtual game night.
10. Learn a new skill.",alpaca
"Generate a machine learning algorithm to predict the outcome of a rock, paper, scissors game.","A possible machine learning algorithm for predicting the outcome of a rock-paper-scissors game is the Naive Bayes classifier. This algorithm works by analyzing the data of past games and using the data to build a model that can predict the winner of future games.

The algorithm looks at all the predictors present in past games, such as the player's choice, the opponent's choice, and the outcome of the game, to determine which predictors are most significant in the success of a player. The algorithm then creates a model based on these predictors and uses it to recognize patterns in the data that can be used to accurately predict the winner of a rock-paper-scissors game.",alpaca
"Paraphrase the following statement: ""Grocery stores are essential for providing healthy food to people"".",Grocery stores are critical for ensuring equitable access to nutritious nourishment for people.,alpaca
What are the advantages of artificial neural networks over traditional computing methods?,"One of the main advantages of artificial neural networks over traditional computing methods is their ability to learn from experience. Unlike traditional computing, neural networks can process a variety of inputs and respond accordingly, making them superior for complex tasks such as image and voice recognition. Neural networks are also capable of generalizing well; they can take a small amount of data and recognize patterns that then apply to larger data sets. Additionally, neural networks are more robust and able to handle noisy data without getting confused. Finally, artificial neural networks are fast, can process data in parallel and require little computational resources.",alpaca
"Edit the following sentence so that it is in the simple past tense: ""Today, I goes to the store to buy eggs.""","Yesterday, I went to the store to buy eggs.",alpaca
Write down a story about a woman who persevered through adversity.,"Pamela was a woman who had faced many obstacles in her life. From a young age, she was forced to live in poverty, and her parents did not have the resources to provide her with a proper education. But despite the considerable odds stacked against her, she refused to give in to discouragement and persisted in her dreams. Through hard work and perseverance, she was able to overcome all of the obstacles she faced and eventually achieved a successful career as a doctor. Pamela’s story is an inspiring example of how one can overcome adversity through determination and dedication.",alpaca
What is the minimum amount of energy it takes to move an electron through a wire?,"The minimum amount of energy it takes to move an electron through a wire is known as the Fermi energy or Fermi level. It depends on the material and temperature, but typically it is in the range of a few electronvolts (eV).",alpaca
"Evaluate ""[The book] is interesting"" and determine whether it is factual or an opinion.",Opinion.,alpaca
Design an online survey to gather customer feedback about the customer service experience at a store,Questions for the survey could include: How satisfied are you with the overall customer service experience? Was the staff friendly and helpful? How could the customer service experience be improved in the future? What was the most enjoyable part of your experience? How likely would you be to recommend the store to a friend?,alpaca
Find the longest river in Africa.,"The longest river in Africa is the Nile River, which runs for about 6,650 km (4,130 miles).",alpaca
Describe the experience of exploring a cave.,"Exploring a cave can be a thrilling and mystical experience. You feel like you are entering a secret world, discovering hidden secrets and uncovering ancient secrets. You feel small when you are walking in the dark tunnels, with walls so close they almost close on you. The strange shapes and protrusions, illuminated by the glow of your flashlight, creates a surreal atmosphere. Every step is an adventure, as new discoveries can be found around every corner.",alpaca
State the disadvantages of social media.,"Some of the disadvantages of social media include the potential for cyberbullying, the spread of misinformation, user privacy concerns, and an increase in feelings of loneliness and anxiety. Cyberbullying is a serious problem on social media and can lead to real-world consequences such as depression, self-harm, and even suicide. Misinformation can cause confusion, lead to wrong decisions, and erode trust in information sources. Furthermore, user privacy can be at risk and users can be targeted by advertisers or other malicious actors. Finally, excessive use of social media can lead to feelings of loneliness and anxiety as users compare their lives to the seemingly perfect lives of their peers.",alpaca
Generate a title for a recipe for a carrot cake.,Moist and Delicious Carrot Cake,alpaca
Find an interesting article about artificial intelligence.,"An interesting article about artificial intelligence is ""The Power and Potential of Artificial Intelligence"" by Forbes. The article explores how AI is changing the world, from the way we do business to how we interact with the environment.",alpaca
Identify three sources of stress people may experience.,"- Work and job-related stress
- Relationships and interpersonal stress
- Financial distress",alpaca
Create a list of shopping items needed to host a dinner party.,"Shopping items needed to host a dinner party:
- Staples: sugar, salt, pepper, butter, oil, flour 
- Produce: vegetables and fruits of your choice
- Dairy: milk, eggs, cheese
- Meat/Fish: steak, chicken, fish, shrimp
- Spices: garlic, oregano, cumin, paprika 
- Bakery: rolls, bread, crackers 
- Beverages: water, soda, juice, wine 
- Desserts: cake, cookies, ice cream 
- Kitchen Supplies: plates, bowls, cutlery, glasses, napkins 
- Decorations/Supplies: centerpiece, tablecloth, chairs/seating, flowers, candles",alpaca
List 10 interesting facts about cats,"1. Cats have been domesticated for over 10,000 years.
2. Cats have more facial muscles than humans, which allows them to make more expressions.
3. Cats have a great sense of smell and can identify family members from a distance by their scent.
4. Cats have an average of 24 whiskers and can use them to sense the air around them.
5. Cats can stretch their bodies to nearly double their size when they are excited or threatened.
6. Cats can jump up to five times their height.
7. Cats can see in the dark better than humans because they have a reflective layer in the back of their eyes that helps them see at night.
8. Cats have a ‘climbing instinct’ and enjoy being close to the top of a room or tree.
9. Cats use their tongues that are covered in small, sharp spines to help groom themselves.
10. Cats have a third eyelid that can protect their eyes from dust and debris.",alpaca
Generate a dialogue between two people discussing their plans for the weekend.,"John: What are you thinking about doing this weekend?

Mary: I thought about going for a hike. You?

John: That sounds fun. I was planning on attending a concert.

Mary: Who's playing?

John: It's a local band. I heard they're really good and I wanted to go check them out.

Mary: That's cool. Maybe we can do the hike on Sunday and then go to the concert afterwards.

John: Sure, sounds like a plan!",alpaca
Compare books and movies.,"Books and movies are both excellent forms of entertainment and storytelling. However, books offer more detailed descriptions and allow readers to use their imagination to fill in the gaps, while movies showcase the story through visuals.",alpaca
Design an AI-based system to predict customer satisfaction,"The AI-based system should be able to analyze customer data and predict customer satisfaction. It should use customer data such as purchase history, past conversations, and feedback to create metrics and insights. Additionally, it should use machine learning algorithms to analyze the data and detect patterns of customer behavior. The system should also have the ability to flag customer concerns in real time and recommend ways to improve customer satisfaction. It should provide features such as sentiment analysis, customer segmentation, and targeted marketing.",alpaca
"Give me the simple past tense of ""fall"".",Fell.,alpaca
What is one use case for speech recognition technology?,"One use case for speech recognition technology is voice-controlled user interfaces. This technology allows people to interact with their devices, like smartphones and computers, using their voice. This allows users to carry out tasks such as sending text messages, performing web searches, and controlling the media playing on their device without the need to type or click.",alpaca
Who is the current Prime Minister of India?,The current Prime Minister of India is Narendra Modi. He has been in office since May 2014.,alpaca
Summarize the importance of storytelling in education.,"Storytelling is a powerful tool in education as it helps to engage students and keep them interested in their studies. Storytelling can bring the subject to life by adding drama, emotion, and storytelling elements to learning. Furthermore, it enhances recall and understanding of the subject matter, facilitates critical thinking, and helps develop communication skills. Storytelling is also a great way to transmit cultural values and traditions and can be used to inspire and motivate students. Finally, stories can be used to help students develop greater empathy for others by helping them relate to different perspectives and experiences.",alpaca
Brainstorm three ideas for creating a marketing campaign for a summer movie.,"1. Run a social media campaign featuring user-generated content from fans. Invite fans to submit short videos and images related to the movie. Select the best submissions and feature them on the official social media account.
2. Create a series of infographics that showcase key facts and information related to the movie. Post them to social media, blogs, forums and other places.
3. Offer audiences the chance to win prizes if they watch the movie. These can include free tickets, discounts, and merchandise related to the movie.",alpaca
Generate a tagline for a pet food company,Nourishing Good Health for Your Pet.,alpaca
Describe the average temperature of Hungary.,"The average temperature in Hungary tends to be mild and varies greatly depending on the region. In the south, temperatures reach up to 28°C (82°F) in the summer months and dip to -2°C (28°F) in the winter. In the north, temperatures can reach up to 25°C (77°F) in the summer, and drop to around -8°C (17°F) in the winter months. Overall, Hungary typically experiences warm summers and cold winters.",alpaca
